Nom du produit,Marque,Capacité,Référence,Type de périphérique,Prix,Site web,Catégorie
,,,,,,cdiscount.com,DISQUE DUR
,,,,,,cdiscount.com,DISQUE DUR
,,,,,,cdiscount.com,DISQUE DUR
,,,,,,cdiscount.com,DISQUE DUR
,,,,,,cdiscount.com,DISQUE DUR
,,,,,,cdiscount.com,DISQUE DUR
,,,,,,cdiscount.com,DISQUE DUR
,,,,,,cdiscount.com,DISQUE DUR
,,,,,,cdiscount.com,DISQUE DUR
,,,,,,cdiscount.com,DISQUE DUR
,,,,,,cdiscount.com,DISQUE DUR
,,,,,,cdiscount.com,DISQUE DUR
,,,,,,cdiscount.com,DISQUE DUR
,,,,,,cdiscount.com,DISQUE DUR
,,,,,,cdiscount.com,DISQUE DUR
,,,,,,cdiscount.com,DISQUE DUR
,,,,,,cdiscount.com,DISQUE DUR
,,,,,,cdiscount.com,DISQUE DUR
,,,,,,cdiscount.com,DISQUE DUR
,,,,,,cdiscount.com,DISQUE DUR
,,,,,,cdiscount.com,DISQUE DUR
,,,,,,cdiscount.com,DISQUE DUR
,,,,,,cdiscount.com,DISQUE DUR
,,,,,,cdiscount.com,DISQUE DUR
,,,,,,cdiscount.com,DISQUE DUR
,,,,,,cdiscount.com,DISQUE DUR
,,,,,,cdiscount.com,DISQUE DUR
,,,,,,cdiscount.com,DISQUE DUR
,,,,,,cdiscount.com,DISQUE DUR
,,,,,,cdiscount.com,DISQUE DUR
,,,,,,cdiscount.com,DISQUE DUR
,,,,,,cdiscount.com,DISQUE DUR
,,,,,,cdiscount.com,DISQUE DUR
,,,,,,cdiscount.com,DISQUE DUR
,,,,,,cdiscount.com,DISQUE DUR
,,,,,,cdiscount.com,DISQUE DUR
,,,,,,cdiscount.com,DISQUE DUR
,,,,,,cdiscount.com,DISQUE DUR
,,,,,,cdiscount.com,DISQUE DUR
,,,,,,cdiscount.com,DISQUE DUR
,,,,,,cdiscount.com,DISQUE DUR
,,,,,,cdiscount.com,DISQUE DUR
,,,,,,cdiscount.com,DISQUE DUR
,,,,,,cdiscount.com,DISQUE DUR
,,,,,,cdiscount.com,DISQUE DUR
,,,,,,cdiscount.com,DISQUE DUR
,,,,,,cdiscount.com,DISQUE DUR
,,,,,,cdiscount.com,DISQUE DUR
,,,,,,cdiscount.com,DISQUE DUR
,,,,,,cdiscount.com,DISQUE DUR
,,,,,,cdiscount.com,DISQUE DUR
,,,,,,cdiscount.com,DISQUE DUR
,,,,,,cdiscount.com,DISQUE DUR
,,,,,,cdiscount.com,DISQUE DUR
,,,,,,cdiscount.com,DISQUE DUR
,,,,,,cdiscount.com,DISQUE DUR
,,,,,,cdiscount.com,DISQUE DUR
,,,,,,cdiscount.com,DISQUE DUR
,,,,,,cdiscount.com,DISQUE DUR
,,,,,,cdiscount.com,DISQUE DUR
,,,,,,cdiscount.com,DISQUE DUR
,,,,,,cdiscount.com,DISQUE DUR
,,,,,,cdiscount.com,DISQUE DUR
,,,,,,cdiscount.com,DISQUE DUR
,,,,,,cdiscount.com,DISQUE DUR
,,,,,,cdiscount.com,DISQUE DUR
,,,,,,cdiscount.com,DISQUE DUR
,,,,,,cdiscount.com,DISQUE DUR
,,,,,,cdiscount.com,DISQUE DUR
,,,,,,cdiscount.com,DISQUE DUR
,,,,,,cdiscount.com,DISQUE DUR
,,,,,,cdiscount.com,DISQUE DUR
,,,,,,cdiscount.com,DISQUE DUR
,,,,,,cdiscount.com,DISQUE DUR
,,,,,,cdiscount.com,DISQUE DUR
,,,,,,cdiscount.com,DISQUE DUR
,,,,,,cdiscount.com,DISQUE DUR
,,,,,,cdiscount.com,DISQUE DUR
,,,,,,cdiscount.com,DISQUE DUR
,,,,,,cdiscount.com,DISQUE DUR
,,,,,,cdiscount.com,DISQUE DUR
,,,,,,cdiscount.com,DISQUE DUR
,,,,,,cdiscount.com,DISQUE DUR
,,,,,,cdiscount.com,DISQUE DUR
,,,,,,cdiscount.com,DISQUE DUR
,,,,,,cdiscount.com,DISQUE DUR
,,,,,,cdiscount.com,DISQUE DUR
,,,,,,cdiscount.com,DISQUE DUR
,,,,,,cdiscount.com,DISQUE DUR
,,,,,,cdiscount.com,DISQUE DUR
,,,,,,cdiscount.com,DISQUE DUR
,,,,,,cdiscount.com,DISQUE DUR
,,,,,,cdiscount.com,DISQUE DUR
Disque dur - KINGSTON - NV3 M.2 2280 PCIe 4.0 NVMe SSD - 2000Go - 3500 Mo/s - 3D TLC,KINGSTON,2000Go,,Disque dur,"126,06",cdiscount.com,DISQUE DUR
"WD Blue™ - Disque dur Interne - 1To - 5400 tr/min - 3.5"" (WD10EZRZ)",WESTERN DIGITAL,1 To,WD10EZRZ,Disque dur - interne,"73,9",cdiscount.com,DISQUE DUR
Disque dur - CRUCIAL - BX500 - 500G - 2.5' - Serial ATA-600 - 550 Mo/s - 3D triple-level cell (TLC),CRUCIAL,500G,,Disque dur,"34,68",cdiscount.com,DISQUE DUR
Disque dur interne SSD - M2 - NVMe -  1 TB - PCIE - CS2230,PNY,1 To,M280CS2230-1TB-RB,Disque dur interne SSD,"56,99",cdiscount.com,DISQUE DUR
Disque Dur Externe - SEAGATE - Xbox Game Drive Black - 4 To - USB 3.2 (STKX4000402),SEAGATE,4 To,STKX4000402,Disque dur - externe (portable),"159,99",cdiscount.com,DISQUE DUR
Game Drive pour consoles PlayStation - SEAGATE - 2 To (STLV2000201),SEAGATE,2To,STLV2000201,Game Drive pour consoles PlayStation,"120,02",cdiscount.com,DISQUE DUR
Game Drive pour consoles PlayStation - SEAGATE - 5 To (STLV5000200),SEAGATE,5 To,STLV5000200,Game Drive pour consoles PlayStation,"204,2",cdiscount.com,DISQUE DUR
Disque SSD Interne - KingSpec - XG 7000 Series - 1To - M.2 2242 PCIe Gen4 x 4 NVME 1.4,KINGSPEC,1 To,,Lecteur à semi-conducteurs - interne,"94,99",cdiscount.com,DISQUE DUR
Disque SSD Interne - CRUCIAL - P310 1To PCIe Gen4 2230 NVMe M.2 SSD (CT1000P310SSD2),CRUCIAL,1 To,CT1000P310SSD2,Disque dur interne,"90,9",cdiscount.com,DISQUE DUR
Disque dur interne 4 To - SYNOLOGY - HAT3300-4T - SATA 6 Go/s - 5400 Tours/min,SYNOLOGY,4 To,HAT3300-4T,Disque dur interne,"117,29",cdiscount.com,DISQUE DUR
SSD Externe - SanDisk® - 1To - Antichoc - Imperméable - Chiffrement logiciel,SANDISK,1 To,SDSSDE30-1T00-G25,Lecteur à semi-conducteurs - externe (portable),"85,99",cdiscount.com,DISQUE DUR
Disque Dur 500Go SATA 3.5 Seagate Barracuda ST500DM002 7200rpm 16Mo,SEAGATE,500 Go,,Disque dur - interne,"20,9",cdiscount.com,DISQUE DUR
,,,,,,cdiscount.com,DISQUE DUR
Disque dur - LENOVO - ThinkSystem 2.5' 5400 PRO - 480 Go - SATA 6Gb - 5400 Tours/min - 600 Mo/s,LENOVO,480 Go,,Disque dur,"297,77",cdiscount.com,DISQUE DUR
Disque Dur 320Go SATA 2.5 HGST HTS725032A7E630 7200rpm 32Mo PS4,,,,,"17,75",cdiscount.com,DISQUE DUR
Disque Dur Externe - SEAGATE - Expansion Portable - 2 To - USB 3.0,SEAGATE,2 To,STKM2000400,Disque dur - externe (portable),"91,61",cdiscount.com,DISQUE DUR
Disque dur interne SEAGATE BarraCuda Compute - 2 To - SATA 6Gb/s - 7200 tr/min,SEAGATE,2 To,,Disque dur - interne,"73,45",cdiscount.com,DISQUE DUR
Disque SSD Interne - KingSpec - XG 7000 Series - 2To - M.2 2242 PCIe Gen4 x 4 NVME 1.4,KINGSPEC,2 To,,Lecteur à semi-conducteurs - interne,"157,99",cdiscount.com,DISQUE DUR
,,,,,,cdiscount.com,DISQUE DUR
,,,,,,cdiscount.com,DISQUE DUR
SAMSUNG SSD Interne 990 PRO avec dissipateur 2 To MZ-V9P2T0GW,SAMSUNG,2 To,MZ-V9P2T0GW,Disque SSD Interne,"179,99",cdiscount.com,DISQUE DUR
Disque dur externe Wd My Passport™ 4 To,WESTERN DIGITAL,4 To,WDBPKJ0040BBK-WESN,Disque dur - externe (portable),"119,99",cdiscount.com,DISQUE DUR
Disque dur HDD 3.5' 22To - WESTERN DIGITAL - WD RED PRO,WESTERN DIGITAL,22To,,Disque dur,"594,25",cdiscount.com,DISQUE DUR
Disque dur externe Wd My Passport 2TB Portable Drive (Noir),WESTERN DIGITAL,2 To,WDBYVG0020BBK-WESN,Disque dur - externe (portable),"80,99",cdiscount.com,DISQUE DUR
INN SSD interne 2TO PCIE 4.0 NVMe M.2 jusqu'à 2100 mo/s lecture compatible avec ordinateur portable et de bureau disque dur ssd,,,,,"59,9",cdiscount.com,DISQUE DUR
Disque dur interne SYNOLOGY HAT3300-6T - 6 To - SATA 6Gb/s - 5400 tours/min,SYNOLOGY,6 To,HAT3300-6T,Disque dur interne,"188,15",cdiscount.com,DISQUE DUR
"SYNOLOGY HAT5300-12T Disque Dur Interne - 12To - 7200 tr/min - 3,5"" - (HAT5300-12T)",SYNOLOGY,12 To,HAT5300-12T,Disque dur - interne,"549,9",cdiscount.com,DISQUE DUR
"Disque dur interne Seagate IronWolf ST8000VN004 3.5"" 8 To SATA III - Robuste et évolutif",SEAGATE,8 To,,Disque dur - interne,"200,41",cdiscount.com,DISQUE DUR
SSD - KINGSTON - DC600M - 960 Go - SATA 6Gb/s - Chiffré - 2.5 pouces,KINGSTON,960 Go,SEDC600M/960G,SSD,"160,4",cdiscount.com,DISQUE DUR
"SEAGATE - Disque dur Interne - BarraCuda - 2To - 5 400 tr/min - 2.5""",SEAGATE,2 To,ST2000LM015,Disque dur - interne,"87,09",cdiscount.com,DISQUE DUR
Disque dur Seagate ST4000VX016 4 TB,SEAGATE,,,,"105,28",cdiscount.com,DISQUE DUR
Disque SSD Interne KINGSPEC P3 Series 4 To SATA III - Vitesse de lecture jusqu'à 580 Mo/s,KINGSPEC,4To,,Lecteur à semi-conducteurs - interne,"226,99",cdiscount.com,DISQUE DUR
Disque SSD Interne - KINGSPEC - NX Series - 2 To - M.2 2280 NVMe 1 PCI Express Gen 3.0 x 4,KINGSPEC,2 To,,Lecteur à semi-conducteurs - interne,"105,99",cdiscount.com,DISQUE DUR
Disque SSD Interne KingSpec NT Series 2 To M.2 SATA 2280,KINGSPEC,2 To,,Lecteur à semi-conducteurs - interne,"100,99",cdiscount.com,DISQUE DUR
,,,,,,cdiscount.com,DISQUE DUR
Disque dur SSD Transcend MTS800 32Go MLC SATA III 6Gb/s - S,TRANSCEND,32 Go,,Disque SSD - interne,"31,92",cdiscount.com,DISQUE DUR
Disque SSD Interne - KINGSPEC - XG Series - 2 To - M.2 2280 NVME PCIe Gen4 x 4,KINGSPEC,2 To,,Lecteur à semi-conducteurs - interne,"125,99",cdiscount.com,DISQUE DUR
Disque SSD Interne - PNY - CS1030 M.2 GEN3 - 250 Go - NVMe (M280CS1030-250-RB),PNY,250 Go,M280CS1030-250-RB,Lecteur à semi-conducteurs - interne,"19,99",cdiscount.com,DISQUE DUR
,,,,,,cdiscount.com,DISQUE DUR
"Disque Dur Interne - TOSHIBA - NAS N300 - 8To - 7200 tr/min - 3.5"" Boite Retail (HDWG480EZSTA)",TOSHIBA,8 To,HDWG480EZSTA,Disque dur - interne,"214,39",cdiscount.com,DISQUE DUR
Disque SSD Interne - KINGSPEC - NT Series - 2 To - M.2 SATA 2242,KINGSPEC,2 To,,Lecteur à semi-conducteurs - interne,"109,99",cdiscount.com,DISQUE DUR
Disque SSD Interne KINGSPEC MT Series 1 To mSATA SATA III 6Gb-s,KINGSPEC,1 To,,Lecteur à semi-conducteurs - interne,"58,99",cdiscount.com,DISQUE DUR
Disque Dur 500Go SATA 3.5 Western Digital Blue WD5000AAKX-75U6AA0 25mm 7200rpm 16Mo,WESTERN DIGITAL,,,,20,cdiscount.com,DISQUE DUR
Disque SSD Interne - SN770 NVMe - WD_BLACK - 2 To - M.2 2280 - WDS200T3X0E - Compatible PS5,WESTERN DIGITAL,2 To,WDS200T3X0E,Lecteur à semi-conducteurs - interne,"118,2",cdiscount.com,DISQUE DUR
Disque dur externe WD My Book Duo - 28 To - USB 3.1 - 2 baies avec sauvegarde,WESTERN DIGITAL,28 To,,Baie de disques,"888,99",cdiscount.com,DISQUE DUR
WD Green™ - 240 Go - M.2 SATA SSD,WESTERN DIGITAL,240 Go,,Disque dur,"28,25",cdiscount.com,DISQUE DUR
SAMSUNG SSD Interne 870 EVO 1 To MZ-77E1T0B/EU,SAMSUNG,1 To,MZ-77E1T0B/EU,Lecteur à semi-conducteurs - interne,"80,99",cdiscount.com,DISQUE DUR
Disque Dur Externe - SEAGATE - Expansion Portable - 5To - USB 3.0 (STKM5000400),SEAGATE,5 To,STKM5000400,Disque dur - externe (portable),"150,02",cdiscount.com,DISQUE DUR
,,,,,,cdiscount.com,DISQUE DUR
"'Seagate ST3500418AS Disque Dur Interne de 500 Go 7200 RPM, 3.5 SATA II",SEAGATE,500 Go,,Disque dur - interne,20,cdiscount.com,DISQUE DUR
Disque SSD Interne - KingSpec - XG 7000 Series - 1To - M.2 2242 PCIe Gen4 x 4 NVME 1.4,KINGSPEC,1 To,,Lecteur à semi-conducteurs - interne,"94,99",cdiscount.com,DISQUE DUR
,,,,,,cdiscount.com,DISQUE DUR
Disque SSD Interne - KingSpec - XG 7000 Series - 2To - M.2 2242 PCIe Gen4 x 4 NVME 1.4,KINGSPEC,2 To,,Lecteur à semi-conducteurs - interne,"157,99",cdiscount.com,DISQUE DUR
"Disque dur Externe TRANSCEND StoreJet 25M3 - 1 To - 2.5"" - USB 3.1 Gen 1 - AES 256 bits - gris de fer",TRANSCEND,1 To,TS1TSJ25M3S,Disque dur - externe (portable),"88,64",cdiscount.com,DISQUE DUR
"Disque dur externe INTENSO Memory Case 2.5"" USB 3.0 - 500 Go - Noir",INTENSO,500 Go,6021530,Disque dur - externe (portable),"47,52",cdiscount.com,DISQUE DUR
Disque dur externe Seagate 4TB Expansion Portable USB3.0 + Recuperation des donnees offerte,SEAGATE,4 To,STKM4000400,Disque dur - externe (portable),"129,99",cdiscount.com,DISQUE DUR
Disque dur SSD M.2 2230 PCIe Silicon Power UD90 2To,,2 To,,Disque dur,"163,42",cdiscount.com,DISQUE DUR
"Disque dur externe - INTENSO - Memory Case - 2,5' - 500Go - Noir",INTENSO,500 Go,6021530,Disque dur portable HDD,"40,99",cdiscount.com,DISQUE DUR
Disque dur - TRANSCEND - 1TB - M.2 2280 - PCIe Gen3x4 - NVMe - TLC,TRANSCEND,1TB,,Disque dur,"71,74",cdiscount.com,DISQUE DUR
,,,,,,cdiscount.com,DISQUE DUR
Disque SSD Interne KINGSPEC NT Series 512 Go M.2 SATA 2280,KINGSPEC,512 Go,,Lecteur à semi-conducteurs - interne,"29,99",cdiscount.com,DISQUE DUR
,,,,,,cdiscount.com,DISQUE DUR
Disque Dur Externe INTENSO 6031514 3.5'' USB 3.0 6 TB Noir,INTENSO,6 To,,Disque dur - externe (de bureau),"145,86",cdiscount.com,DISQUE DUR
WESTERN DIGITAL - SN580 - Disque dur interne  - NVME - 250Go,WESTERN DIGITAL,250 Mo,WDS250G3B0E,Disque dur interne,"42,44",cdiscount.com,DISQUE DUR
"Seagate ST2000VM003 Pipeline HD Disque dur interne 3,5"" 2 To SATA II",SEAGATE,2 To,,Disque dur - interne,95,cdiscount.com,DISQUE DUR
,,,,,,cdiscount.com,DISQUE DUR
"Disque dur externe Intenso HDD 2.5"" USB 3 2To",INTENSO,2 To,6021580,Disque dur externe,"84,93",cdiscount.com,DISQUE DUR
Disque dur Synology SNV3510-400G 400GB M.2 22110,SYNOLOGY,,,,"208,18",cdiscount.com,DISQUE DUR
Disque dur externe VERBATIM 2.5'' 1To USB3.0 - Gris,VERBATIM,2 To,23942531982,Disque dur - externe (portable),"63,83",cdiscount.com,DISQUE DUR
"SEAGATE - Disque dur Interne - BarraCuda - 3To - 5 400 tr/min - 3.5""",SEAGATE,3 To,ST3000DM007,Disque dur - interne,"96,29",cdiscount.com,DISQUE DUR
Disque SSD - SILICON POWER - UD90 - 1TB - M.2 2230 - PCIe 4.0 x4 - NVMe,,1TB,,Disque SSD,"76,99",cdiscount.com,DISQUE DUR
,,,,,,cdiscount.com,DISQUE DUR
Disque Dur Externe LaCie Rugged Mini 1To USB3.0,LACIE,1 To,LAC301558,Disque dur - externe (portable),"99,46",cdiscount.com,DISQUE DUR
Disque dur externe de bureau WESTERN DIGITAL Elements Desktop - 8To - USB 3.0 - Noir,WESTERN DIGITAL,8 To,WDBWLG0080HBK-EESN,Disque dur - externe (de bureau),"202,75",cdiscount.com,DISQUE DUR
,,,,,,cdiscount.com,DISQUE DUR
Disque SSD Interne - CRUCIAL - P310 1To PCIe Gen4 NVMe M.2 SSD (CT1000P310SSD8),CRUCIAL,1 To,CT1000P310SSD8,Disque dur interne,"72,57",cdiscount.com,DISQUE DUR
Disque SSD Interne - CRUCIAL - P310 500Go PCIe Gen4 NVMe M.2 SSD (CT500P310SSD8),CRUCIAL,500 Go,CT500P310SSD8,Disque dur interne,"45,65",cdiscount.com,DISQUE DUR
"Disque Dur Externe 10 to Ultra Slim Disque Dur Portable Externe USB 3.0 Compatible Mac,Xbox avec Ordinateur Portable de Bureau -Noir",,,,,"25,06",cdiscount.com,DISQUE DUR
Disque dur SEAGATE IRONWOLF PRO 2To - SATA/600 - 7200 Tr/mn - 256 Mo de mémoire tampon,SEAGATE,2 To,,Disque dur,"148,79",cdiscount.com,DISQUE DUR
,,,,,,cdiscount.com,DISQUE DUR
Disque SSD Interne KingSpec NT 1 To M.2 SATA 2242,KINGSPEC,1 To,,Lecteur à semi-conducteurs - interne,"59,99",cdiscount.com,DISQUE DUR
,,,,,,cdiscount.com,DISQUE DUR
Disque dur externe VERBATIM Store 'n' Go Slim - 1 To - USB 3.2 Gen 1 - Gris,VERBATIM,1 To,53662,Disque dur - externe (portable),"80,99",cdiscount.com,DISQUE DUR
,,,,,,cdiscount.com,DISQUE DUR
,,,,,,cdiscount.com,DISQUE DUR
,,,,,,cdiscount.com,DISQUE DUR
,,,,,,cdiscount.com,DISQUE DUR
,,,,,,cdiscount.com,DISQUE DUR
,,,,,,cdiscount.com,DISQUE DUR
,,,,,,cdiscount.com,DISQUE DUR
,,,,,,cdiscount.com,DISQUE DUR
,,,,,,cdiscount.com,DISQUE DUR
,,,,,,cdiscount.com,DISQUE DUR
,,,,,,cdiscount.com,DISQUE DUR
,,,,,,cdiscount.com,DISQUE DUR
,,,,,,cdiscount.com,DISQUE DUR
,,,,,,cdiscount.com,DISQUE DUR
,,,,,,cdiscount.com,DISQUE DUR
,,,,,,cdiscount.com,DISQUE DUR
,,,,,,cdiscount.com,DISQUE DUR
,,,,,,cdiscount.com,DISQUE DUR
,,,,,,cdiscount.com,DISQUE DUR
,,,,,,cdiscount.com,DISQUE DUR
,,,,,,cdiscount.com,DISQUE DUR
,,,,,,cdiscount.com,DISQUE DUR
,,,,,,cdiscount.com,DISQUE DUR
,,,,,,cdiscount.com,DISQUE DUR
,,,,,,cdiscount.com,DISQUE DUR
,,,,,,cdiscount.com,DISQUE DUR
,,,,,,cdiscount.com,DISQUE DUR
,,,,,,cdiscount.com,DISQUE DUR
,,,,,,cdiscount.com,DISQUE DUR
,,,,,,cdiscount.com,DISQUE DUR
,,,,,,cdiscount.com,DISQUE DUR
,,,,,,cdiscount.com,DISQUE DUR
,,,,,,cdiscount.com,DISQUE DUR
,,,,,,cdiscount.com,DISQUE DUR
,,,,,,cdiscount.com,DISQUE DUR
,,,,,,cdiscount.com,DISQUE DUR
,,,,,,cdiscount.com,DISQUE DUR
,,,,,,cdiscount.com,DISQUE DUR
,,,,,,cdiscount.com,DISQUE DUR
,,,,,,cdiscount.com,DISQUE DUR
,,,,,,cdiscount.com,DISQUE DUR
,,,,,,cdiscount.com,DISQUE DUR
,,,,,,cdiscount.com,DISQUE DUR
,,,,,,cdiscount.com,DISQUE DUR
,,,,,,cdiscount.com,DISQUE DUR
,,,,,,cdiscount.com,DISQUE DUR
,,,,,,cdiscount.com,DISQUE DUR
,,,,,,cdiscount.com,DISQUE DUR
,,,,,,cdiscount.com,DISQUE DUR
,,,,,,cdiscount.com,DISQUE DUR
,,,,,,cdiscount.com,DISQUE DUR
,,,,,,cdiscount.com,DISQUE DUR
,,,,,,cdiscount.com,DISQUE DUR
,,,,,,cdiscount.com,DISQUE DUR
,,,,,,cdiscount.com,DISQUE DUR
,,,,,,cdiscount.com,DISQUE DUR
,,,,,,cdiscount.com,DISQUE DUR
,,,,,,cdiscount.com,DISQUE DUR
Disque Dur Externe - SEAGATE - Xbox Game Drive Hub - 8To - USB 3.2 (STKW8000400),SEAGATE,8 To,STKW8000400,Disque dur - externe (de bureau),"250,99",cdiscount.com,DISQUE DUR
WESTERN DIGITAL Disque dur SN850X - NVME SSD - 4TB interne - format M2 - Noir,WESTERN DIGITAL,4 To,WDS400T2X0E,Lecteur à semi-conducteurs - interne,"319,89",cdiscount.com,DISQUE DUR
"Disque dur interne Western Digital Blue - 500 Go - SATA 6Gb/s - 3.5"" - 7200 tr/min",WESTERN DIGITAL,500 Go,WD5000AZLX,Disque dur - interne,"13,5",cdiscount.com,DISQUE DUR
,,,,,,cdiscount.com,DISQUE DUR
"WD Red™ - Disque dur Interne NAS - 4To - 5 400 tr/min - 3.5"" (WD40EFAX)",WESTERN DIGITAL,4 To,WD40EFAX,Disque dur - interne,163,cdiscount.com,DISQUE DUR
,,,,,,cdiscount.com,DISQUE DUR
"HDD 2.5"" USB 3.0 Disque Dur Externe Mobile Portable Stockage 1To 1TB Noir 12*7*1cm avec Pochette Sac de Stockage en Tissu",,1To,,Disque dur externe,"35,99",cdiscount.com,DISQUE DUR
"Disque dur mobile USB 3.0 Tbest - Bleu - YD0018 - 2.5"" - 2 To",,,,Disque dur mobile,"28,83",cdiscount.com,DISQUE DUR
,,,,,,cdiscount.com,DISQUE DUR
Disque dur externe TRANSCEND StoreJet 25M3 - 4 To - USB 3.1 Gen 1 - Gris de fer,TRANSCEND,4 To,TS4TSJ25M3S,Disque dur - externe (portable),"152,08",cdiscount.com,DISQUE DUR
"Disque dur interne HP - 3.5"" - 4 To - SATA 6Gb/s - 7200 trs/min",HP,4 To,K4T76AA,Disque dur - interne,"239,99",cdiscount.com,DISQUE DUR
,,,,,,cdiscount.com,DISQUE DUR
"WD Gold™ - Disque dur Interne Enterprise - 12To - 7200 tr/min - 3.5"" (WD121KRYZ)",WESTERN DIGITAL,12 To,WD121KRYZ,Disque dur - interne,"424,02",cdiscount.com,DISQUE DUR
"Disque Dur Interne - SEAGATE - SkyHawk - 4To - 5400 tr/min - 3,5"" (ST4000VX013)",SEAGATE,4 To,ST4000VX013,Disque dur - interne,"105,79",cdiscount.com,DISQUE DUR
SSD 4T Disque Dur Externe Portable HDD Or avec OTG Adaptateur Type-C USB + Pochette de Stockage en Tissu,,4To,,Disque Dur Externe Portable,"33,99",cdiscount.com,DISQUE DUR
Disque Dur Externe SSD - Seagate - One Touch - 1To - USB-C - Argent,SEAGATE,1 To,,Externe,"93,59",cdiscount.com,DISQUE DUR
"Disque dur interne SEAGATE IronWolf 3.5"" 12 To - SATA 6Gb/s - 7200 Tours/min",SEAGATE,12 To,,Disque dur - interne,"307,52",cdiscount.com,DISQUE DUR
Disque dur externe - TRANSCEND - ESD320A - 512Go - USB 3.1 - Gris,TRANSCEND,512Go,,Disque dur externe,"59,05",cdiscount.com,DISQUE DUR
"Disque dur Seagate Exos X24 ST16000NM002H Enterprise 16 To interne 3.5"" SATA 6Gb/s 7200 tours/min",SEAGATE,16 To,ST16000NM002H,Disque dur,"414,4",cdiscount.com,DISQUE DUR
"WD Blue™ - Disque dur Interne - 1To - 5400 tr/min - 2.5"" (WD10SPZX)",WESTERN DIGITAL,1 To,WD10SPZX,Disque dur - interne,50,cdiscount.com,DISQUE DUR
Disque dur WiFi Airdisk Bigben - 32Go - Noir,BIGBEN,32 Go,AIRDISK,Disque dur - externe (portable),"69,78",cdiscount.com,DISQUE DUR
,,,,,,cdiscount.com,DISQUE DUR
,,,,,,cdiscount.com,DISQUE DUR
,,,,,,cdiscount.com,DISQUE DUR
,,,,,,cdiscount.com,DISQUE DUR
Disque dur externe Seagate One Touch with hub STLC4000400 - 4 To - USB 3.0 - noir,SEAGATE,4 To,,Disque dur,"146,22",cdiscount.com,DISQUE DUR
Disque dur externe - Western Digital - Easy Store - 5 To - USB 3.0 - Noir,WESTERN DIGITAL,5 To,,Disque dur externe,"159,99",cdiscount.com,DISQUE DUR
"Dell Disque dur 2 To échangeable à chaud SAS NL 7200 tours-min pour PowerEdge R230, R330, R430, R530, R730, R730xd, T330 (3.5""),…",DELL,2 To,400-ALOB,Disque dur - interne - entrée de gamme,"204,8",cdiscount.com,DISQUE DUR
WESTERN DIGITAL Disque dur SN850X - NVME SSD - 2TB interne - Format M2 - Noir,WESTERN DIGITAL,2 To,WDS200T2X0E,Lecteur à semi-conducteurs - interne,"154,22",cdiscount.com,DISQUE DUR
Disque dur SSD Externe - Lexar - SL210 - 512 Go - USB 3.1 - Gris,LEXAR,512 Go,,Disque dur SSD Externe,"82,8",cdiscount.com,DISQUE DUR
Disque Dur Externe - ZJCHAO - 500 Go - USB 2.0 - Portable - Haute Vitesse,,500GB,,Disque dur de stockage,"28,37",cdiscount.com,DISQUE DUR
,,,,,,cdiscount.com,DISQUE DUR
,,,,,,cdiscount.com,DISQUE DUR
SEAGATE Disque dur SkyHawk 6 To 5400rpm 256MB cache,SEAGATE,6 To,ST6000VX001,Disque dur - interne,"177,25",cdiscount.com,DISQUE DUR
SEAGATE Disque dur 8 To FireCuda Gaming Hub + customizable RGB - Compatible Razer Chroma,SEAGATE,8 To,STKK8000400,Disque dur - externe (de bureau),"243,6",cdiscount.com,DISQUE DUR
Disque dur externe Toshiba CANVIO FLEX 1 TO SILVER,TOSHIBA,1 To,HDTX110ESCAA,Disque dur - externe (portable),"81,22",cdiscount.com,DISQUE DUR
Disque dur SSD Green NVMe 250GB M.2 - WESTERN DIGITAL - PCI Express 3.0 x4 (NVMe) - 550 Mo/s,WESTERN DIGITAL,250GB,,Disque dur,"35,59",cdiscount.com,DISQUE DUR
Disque dur - WESTERN DIGITAL - WD Gold WD142KRYZ - 14 To - SATA 6Gb/s - 7200 tours/min,WESTERN DIGITAL,14 To,WD142KRYZ,Disque dur,"386,31",cdiscount.com,DISQUE DUR
Disque dur interne - WESTERN DIGITAL - HGST Ultrastar DC HC310 HUS726T6TALE6L4 - 6 To - SATA/600 - Serveur,WESTERN DIGITAL,6 To,0B36039,Disque dur - interne,"234,98",cdiscount.com,DISQUE DUR
Disque dur externe Seagate Expansion Desktop USB3.0 6T,SEAGATE,6 To,STKP6000400,Disque dur - externe (de bureau),"154,64",cdiscount.com,DISQUE DUR
Acer Disque Dur 4To,ACER,4 To,,Disque dur,"326,23",cdiscount.com,DISQUE DUR
,,,,,,cdiscount.com,DISQUE DUR
"LENOVO Disque dur - 1,2 To - 2,5"" - SAS 12Gb/s - 10000 tours/min",LENOVO,1.2 To,7XB7A00027,Disque dur - échangeable à chaud,"279,99",cdiscount.com,DISQUE DUR
Disque dur externe - KINGSONG - IronKey Vault Privacy 80 - 1.9 To - USB-C - Protection avancée,,1.9 To,IKVP80ES/1920G,Disque dur externe,"382,23",cdiscount.com,DISQUE DUR
"HDD 2.5"" USB 3.0 Disque Dur Externe Mobile Portable Stockage 4To 4TB Argent 12*7*1cm avec Pochette Sac de Stockage en Tissu",,4To,,,"39,99",cdiscount.com,DISQUE DUR
Disque dur SSD externe portable UPERFECT - 2 To - USB 3.0 - Vitesse de lecture 535 Mo/s,,2 To,,Disque dur externe portable,"29,99",cdiscount.com,DISQUE DUR
,,,,,,cdiscount.com,DISQUE DUR
"Disque dur externe - INN - 2.5"" - USB 2.0 - 7200 RPM - Argent 12x7.2x1cm",,,,Disque dur externe,"19,9",cdiscount.com,DISQUE DUR
SSD 500Go Disque Dur Externe Portable HDD Rouge avec OTG Adaptateur Type-C USB + Pochette de Stockage en Tissu,,500Go,,Disque dur externe portable,"26,99",cdiscount.com,DISQUE DUR
Disque dur externe - SEAGATE - Ultra Touch - 4 To - USB-C - Gris,SEAGATE,4 To,,Disque dur externe,"174,94",cdiscount.com,DISQUE DUR
Disque Dur 250Go SATA 3.5 Seagate Barracuda 7200.10 ST3250318AS 7200rpm 8Mo,SEAGATE,250 Go,,Disque dur - interne,"15,65",cdiscount.com,DISQUE DUR
,,,,,,cdiscount.com,DISQUE DUR
"WD Red™ Plus - Disque dur Interne NAS - 10To - 7200 tr/min - 3.5"" (WD101EFBX)",WESTERN DIGITAL,10 To,WD101EFBX,Disque dur - interne,"296,67",cdiscount.com,DISQUE DUR
Disque Dur Externe HDD 4To One Touch Seagate Noir Password,SEAGATE,4 To,,,"139,99",cdiscount.com,DISQUE DUR
"WD Red™ Plus - Disque dur Interne NAS - 8To - 7200 tr/min - 3.5"" (WD80EFBX)",WESTERN DIGITAL,8 To,WD80EFBX,Disque dur - interne,"308,99",cdiscount.com,DISQUE DUR
SILICON POWER Disque dur externe USB 3.0 A60 - 5 To - Noir,,5 To,SP050TBPHDA60S3K,Disque dur - externe (portable),"182,02",cdiscount.com,DISQUE DUR
,,,,,,cdiscount.com,DISQUE DUR
,,,,,,cdiscount.com,DISQUE DUR
Disque Dur Externe - KingSpec - Z5 Series - 512 Go - USB 3.2 Type C 20Gbps - Noir avec RGB,KINGSPEC,,,,"45,99",cdiscount.com,DISQUE DUR
"Disque dur externe 3,5 WD My Book Duo WDBFBE0240JBK-EESN 24 TB noir USB-C™ USB 3.1, USB 3.0",,24 To,WDBFBE0240JBK-EESN,Baie de disques,"837,88",cdiscount.com,DISQUE DUR
Disque dur interne 3.5'' 2 To SATA III Western Digital Red™ Pro WD2002FFSX,WESTERN DIGITAL,2 To,WD2002FFSX,Disque dur - interne,"135,6",cdiscount.com,DISQUE DUR
"Disque dur externe Seagate 1TB Expansion - USB 3.0 - Noir - Autoalimenté - PC, Xbox One, PS4",SEAGATE,1TB,,Disque dur externe,"82,99",cdiscount.com,DISQUE DUR
Dahua Disque Dur E10 1 to Gris,DAHUA,1 To,,Disque dur,"61,14",cdiscount.com,DISQUE DUR
,,,,,,cdiscount.com,DISQUE DUR
Disque dur interne 3.5 pouces 2 To - SEAGATE - BarraCuda® Bulk SATA III,SEAGATE,2 To,,Disque dur - interne,"84,39",cdiscount.com,DISQUE DUR
"Disque dur Interne - WESTERN DIGITAL - Red Plus - 4To - 3.5"" - Dédié NAS - 5400 RPM Class - SATA 6 GB/s (WD40EFPX)",WESTERN DIGITAL,4 To,WD40EFPX,Disque dur interne,"124,9",cdiscount.com,DISQUE DUR
Disque dur externe sécurisé HDD Store 'n' Go avec accès par clavier - VERBATIM - 1 To - USB 3.1 Gen 1,VERBATIM,2 To,53403,Disque dur - externe (portable),"129,43",cdiscount.com,DISQUE DUR
Mini disque dur externe - LACIE - Rugged Mini SSD - 2To (STMF2000400) - USB 3.2 Gen 2x2 - Orange,LACIE,2 To,STMF2000400,Rugged Mini SSD,"245,9",cdiscount.com,DISQUE DUR
"SEAGATE - Disque dur Interne - NAS IronWolf Pro - 8To - 7200 tr/min - 3.5""",SEAGATE,8 To,ST8000NE001,Disque dur - interne,279,cdiscount.com,DISQUE DUR
Disque dur interne HGST Ultrastar HE12 HUH721212ALE600 - 12 To - SATA 6Gb/s - 7200 tours/min - 256 Mo,,12 To,0F29590,Disque dur - interne,"367,79",cdiscount.com,DISQUE DUR
Disque dur externe - TRANSCEND - ESD330C - 512Go - USB 3.2 Gen 2 - Compact et léger,TRANSCEND,512Go,,Disque dur externe,"58,67",cdiscount.com,DISQUE DUR
Disque dur externe Wd MY PASSPORT MAC 4TO,WESTERN DIGITAL,4 To,WDBA2F0040BBL-WESN,Disque dur - externe (portable),"154,91",cdiscount.com,DISQUE DUR
,,,,,,cdiscount.com,DISQUE DUR
Disque dur externe GOOD RAM - SSD 1 To HL200 USB Type-C - Vitesses de lecture et d'écriture rapides,GOOD RAM,1 To,,Disque dur externe,"99,69",cdiscount.com,DISQUE DUR
CRUCIAL- SSD Externe Portable - X9 Pro - 4 To - USB 3.0 - CT4000X9PROSSD9,CRUCIAL,4 To,CT4000X9PROSSD9,Disque dur - externe (portable),"311,92",cdiscount.com,DISQUE DUR
"WD Red™ Pro - Disque dur Interne NAS - 18To - 7200 tr/min - 3.5"" (WD181KFGX)",WESTERN DIGITAL,18 To,WD181KFGX,Disque dur - interne,"497,68",cdiscount.com,DISQUE DUR
"Disque dur interne SEAGATE Momentus - 1 To - SATA 6Gb/s - 2.5"" x 1/8H - 5400 tr/min",SEAGATE,1 To,ST1000LM024,Disque dur - interne,30,cdiscount.com,DISQUE DUR
,,,,,,cdiscount.com,DISQUE DUR
,,,,,,cdiscount.com,DISQUE DUR
Disque Dur Externe SSD Rouge 500GB Haute Vitesse TYPE-C Pour Ordinateurs Portables Ordinateurs De Bureau,,,,,"26,99",cdiscount.com,DISQUE DUR
,,,,,,cdiscount.com,DISQUE DUR
,,,,,,cdiscount.com,DISQUE DUR
,,,,,,cdiscount.com,DISQUE DUR
,,,,,,cdiscount.com,DISQUE DUR
,,,,,,cdiscount.com,DISQUE DUR
,,,,,,cdiscount.com,DISQUE DUR
,,,,,,cdiscount.com,DISQUE DUR
,,,,,,cdiscount.com,DISQUE DUR
,,,,,,cdiscount.com,DISQUE DUR
,,,,,,cdiscount.com,DISQUE DUR
,,,,,,cdiscount.com,DISQUE DUR
,,,,,,cdiscount.com,DISQUE DUR
,,,,,,cdiscount.com,DISQUE DUR
,,,,,,cdiscount.com,DISQUE DUR
,,,,,,cdiscount.com,DISQUE DUR
,,,,,,cdiscount.com,DISQUE DUR
,,,,,,cdiscount.com,DISQUE DUR
,,,,,,cdiscount.com,DISQUE DUR
,,,,,,cdiscount.com,DISQUE DUR
,,,,,,cdiscount.com,DISQUE DUR
,,,,,,cdiscount.com,DISQUE DUR
,,,,,,cdiscount.com,DISQUE DUR
,,,,,,cdiscount.com,DISQUE DUR
,,,,,,cdiscount.com,DISQUE DUR
,,,,,,cdiscount.com,DISQUE DUR
,,,,,,cdiscount.com,DISQUE DUR
,,,,,,cdiscount.com,DISQUE DUR
,,,,,,cdiscount.com,DISQUE DUR
,,,,,,cdiscount.com,DISQUE DUR
,,,,,,cdiscount.com,DISQUE DUR
,,,,,,cdiscount.com,DISQUE DUR
,,,,,,cdiscount.com,DISQUE DUR
,,,,,,cdiscount.com,DISQUE DUR
,,,,,,cdiscount.com,DISQUE DUR
,,,,,,cdiscount.com,DISQUE DUR
,,,,,,cdiscount.com,DISQUE DUR
,,,,,,cdiscount.com,DISQUE DUR
,,,,,,cdiscount.com,DISQUE DUR
,,,,,,cdiscount.com,DISQUE DUR
,,,,,,cdiscount.com,DISQUE DUR
,,,,,,cdiscount.com,DISQUE DUR
,,,,,,cdiscount.com,DISQUE DUR
,,,,,,cdiscount.com,DISQUE DUR
,,,,,,cdiscount.com,DISQUE DUR
,,,,,,cdiscount.com,DISQUE DUR
,,,,,,cdiscount.com,DISQUE DUR
,,,,,,cdiscount.com,DISQUE DUR
,,,,,,cdiscount.com,DISQUE DUR
,,,,,,cdiscount.com,DISQUE DUR
,,,,,,cdiscount.com,DISQUE DUR
,,,,,,cdiscount.com,DISQUE DUR
,,,,,,cdiscount.com,DISQUE DUR
,,,,,,cdiscount.com,DISQUE DUR
,,,,,,cdiscount.com,DISQUE DUR
,,,,,,cdiscount.com,DISQUE DUR
,,,,,,cdiscount.com,DISQUE DUR
,,,,,,cdiscount.com,DISQUE DUR
,,,,,,cdiscount.com,DISQUE DUR
,,,,,,cdiscount.com,DISQUE DUR
,,,,,,cdiscount.com,DISQUE DUR
,,,,,,cdiscount.com,DISQUE DUR
,,,,,,cdiscount.com,DISQUE DUR
,,,,,,cdiscount.com,DISQUE DUR
,,,,,,cdiscount.com,DISQUE DUR
,,,,,,cdiscount.com,DISQUE DUR
,,,,,,cdiscount.com,DISQUE DUR
,,,,,,cdiscount.com,DISQUE DUR
,,,,,,cdiscount.com,DISQUE DUR
,,,,,,cdiscount.com,DISQUE DUR
,,,,,,cdiscount.com,DISQUE DUR
,,,,,,cdiscount.com,DISQUE DUR
,,,,,,cdiscount.com,DISQUE DUR
,,,,,,cdiscount.com,DISQUE DUR
,,,,,,cdiscount.com,DISQUE DUR
,,,,,,cdiscount.com,DISQUE DUR
,,,,,,cdiscount.com,DISQUE DUR
,,,,,,cdiscount.com,DISQUE DUR
,,,,,,cdiscount.com,DISQUE DUR
,,,,,,cdiscount.com,DISQUE DUR
,,,,,,cdiscount.com,DISQUE DUR
,,,,,,cdiscount.com,DISQUE DUR
,,,,,,cdiscount.com,DISQUE DUR
,,,,,,cdiscount.com,DISQUE DUR
,,,,,,cdiscount.com,DISQUE DUR
,,,,,,cdiscount.com,DISQUE DUR
,,,,,,cdiscount.com,DISQUE DUR
,,,,,,cdiscount.com,DISQUE DUR
,,,,,,cdiscount.com,DISQUE DUR
,,,,,,cdiscount.com,DISQUE DUR
,,,,,,cdiscount.com,DISQUE DUR
,,,,,,cdiscount.com,DISQUE DUR
,,,,,,cdiscount.com,DISQUE DUR
,,,,,,cdiscount.com,DISQUE DUR
,,,,,,cdiscount.com,DISQUE DUR
,,,,,,cdiscount.com,DISQUE DUR
,,,,,,cdiscount.com,DISQUE DUR
,,,,,,cdiscount.com,DISQUE DUR
,,,,,,cdiscount.com,DISQUE DUR
,,,,,,cdiscount.com,DISQUE DUR
,,,,,,cdiscount.com,DISQUE DUR
,,,,,,cdiscount.com,DISQUE DUR
,,,,,,cdiscount.com,DISQUE DUR
,,,,,,cdiscount.com,DISQUE DUR
,,,,,,cdiscount.com,DISQUE DUR
,,,,,,cdiscount.com,DISQUE DUR
,,,,,,cdiscount.com,DISQUE DUR
,,,,,,cdiscount.com,DISQUE DUR
,,,,,,cdiscount.com,DISQUE DUR
,,,,,,cdiscount.com,DISQUE DUR
,,,,,,cdiscount.com,DISQUE DUR
,,,,,,cdiscount.com,DISQUE DUR
,,,,,,cdiscount.com,DISQUE DUR
,,,,,,cdiscount.com,DISQUE DUR
,,,,,,cdiscount.com,DISQUE DUR
,,,,,,cdiscount.com,DISQUE DUR
,,,,,,cdiscount.com,DISQUE DUR
,,,,,,cdiscount.com,DISQUE DUR
,,,,,,cdiscount.com,DISQUE DUR
,,,,,,cdiscount.com,DISQUE DUR
,,,,,,cdiscount.com,DISQUE DUR
,,,,,,cdiscount.com,DISQUE DUR
,,,,,,cdiscount.com,DISQUE DUR
,,,,,,cdiscount.com,DISQUE DUR
,,,,,,cdiscount.com,DISQUE DUR
,,,,,,cdiscount.com,DISQUE DUR
,,,,,,cdiscount.com,DISQUE DUR
,,,,,,cdiscount.com,DISQUE DUR
,,,,,,cdiscount.com,DISQUE DUR
,,,,,,cdiscount.com,DISQUE DUR
,,,,,,cdiscount.com,DISQUE DUR
,,,,,,cdiscount.com,DISQUE DUR
,,,,,,cdiscount.com,DISQUE DUR
,,,,,,cdiscount.com,DISQUE DUR
,,,,,,cdiscount.com,DISQUE DUR
,,,,,,cdiscount.com,DISQUE DUR
,,,,,,cdiscount.com,DISQUE DUR
,,,,,,cdiscount.com,DISQUE DUR
,,,,,,cdiscount.com,DISQUE DUR
,,,,,,cdiscount.com,DISQUE DUR
,,,,,,cdiscount.com,DISQUE DUR
,,,,,,cdiscount.com,DISQUE DUR
,,,,,,cdiscount.com,DISQUE DUR
,,,,,,cdiscount.com,DISQUE DUR
,,,,,,cdiscount.com,DISQUE DUR
,,,,,,cdiscount.com,DISQUE DUR
,,,,,,cdiscount.com,DISQUE DUR
,,,,,,cdiscount.com,DISQUE DUR
,,,,,,cdiscount.com,DISQUE DUR
,,,,,,cdiscount.com,DISQUE DUR
,,,,,,cdiscount.com,DISQUE DUR
,,,,,,cdiscount.com,DISQUE DUR
,,,,,,cdiscount.com,DISQUE DUR
,,,,,,cdiscount.com,DISQUE DUR
,,,,,,cdiscount.com,DISQUE DUR
,,,,,,cdiscount.com,DISQUE DUR
,,,,,,cdiscount.com,DISQUE DUR
,,,,,,cdiscount.com,DISQUE DUR
,,,,,,cdiscount.com,DISQUE DUR
,,,,,,cdiscount.com,DISQUE DUR
,,,,,,cdiscount.com,DISQUE DUR
,,,,,,cdiscount.com,DISQUE DUR
,,,,,,cdiscount.com,DISQUE DUR
,,,,,,cdiscount.com,DISQUE DUR
,,,,,,cdiscount.com,DISQUE DUR
,,,,,,cdiscount.com,DISQUE DUR
,,,,,,cdiscount.com,DISQUE DUR
,,,,,,cdiscount.com,DISQUE DUR
,,,,,,cdiscount.com,DISQUE DUR
,,,,,,cdiscount.com,DISQUE DUR
,,,,,,cdiscount.com,DISQUE DUR
,,,,,,cdiscount.com,DISQUE DUR
,,,,,,cdiscount.com,DISQUE DUR
,,,,,,cdiscount.com,DISQUE DUR
,,,,,,cdiscount.com,DISQUE DUR
,,,,,,cdiscount.com,DISQUE DUR
,,,,,,cdiscount.com,DISQUE DUR
,,,,,,cdiscount.com,DISQUE DUR
,,,,,,cdiscount.com,DISQUE DUR
,,,,,,cdiscount.com,DISQUE DUR
,,,,,,cdiscount.com,DISQUE DUR
,,,,,,cdiscount.com,DISQUE DUR
,,,,,,cdiscount.com,DISQUE DUR
,,,,,,cdiscount.com,DISQUE DUR
,,,,,,cdiscount.com,DISQUE DUR
,,,,,,cdiscount.com,DISQUE DUR
,,,,,,cdiscount.com,DISQUE DUR
