Nom du produit,Marque,Résolution écran,Référence,Taille écran,Prix,Site web,Catégorie
"Ecran PC Gamer Incurvé - IIYAMA G-Master Red Eagle G2766HSU-B1 - 27"" FHD - Dalle VA - 1 ms - 165Hz",IIYAMA,1920 x 1080,G2766HSU-B1,"27 ""","154,87",cdiscount.com,MONITEUR
,,,,,,cdiscount.com,MONITEUR
"Écran PC Moniteur 27F650R CHiQ, 27'' 100Hz,FHD (1920 x 1080), IPS, 99% sRVB, HDMI,Haut-parleur intégré,2024",CHIQ,1920*1080,,,"109,99",cdiscount.com,MONITEUR
,,,,,,cdiscount.com,MONITEUR
"Ecran PC Gamer - LENOVO Legion R27i-30 - 27"" IPS FHD 165Hz- 0,5ms - HDMI 2.1 - DP 1.4 - FreeSync Premium - Ergonomique",LENOVO,1920 x 1080,67B5GAC1EU,"27 ""","179,99",cdiscount.com,MONITEUR
"Ecran PC Gamer Incurvé - IIYAMA G-Master Red Eagle G2766HSU-B1 - 27"" FHD - Dalle VA - 1 ms - 165Hz",IIYAMA,1920 x 1080,G2766HSU-B1,"27 ""","148,84",cdiscount.com,MONITEUR
,,,,,,cdiscount.com,MONITEUR
"Écran PC CHIQ Moniteur 24 Pouces, Full HD 1920x1080,100Hz，Ultra Plat, 3 côtés sans Cadre, IPS",CHIQ,1920*1080,,,"84,99",cdiscount.com,MONITEUR
,,,,,,cdiscount.com,MONITEUR
"UPERFECT Moniteur de jeu portable 18 pouces 2560*1600 2K 144HZ, 100% DCI-P3, vitesse de réponse de 5 ms, compatible VESA",,2560*1600,,45.72cm,"199,99",cdiscount.com,MONITEUR
,,,,,,cdiscount.com,MONITEUR
,,,,,,cdiscount.com,MONITEUR
,,,,,,cdiscount.com,MONITEUR
,,,,,,cdiscount.com,MONITEUR
,,,,,,cdiscount.com,MONITEUR
,,,,,,cdiscount.com,MONITEUR
,,,,,,cdiscount.com,MONITEUR
"Ecran PC - VIEWSONIC - VA240-H-2 - 24"" FHD - Dalle IPS - 1 ms - 75 Hz - HDMI / VGA",VIEWSONIC,1920 x 1080,0766907030914,24 pouces,"79,99",cdiscount.com,MONITEUR
"UPERFECT 18,5 pouces double écran supérieur et inférieur, moniteur portable Full HD 100HZ 1080P",,1920*1080,,46.99cm,"395,99",cdiscount.com,MONITEUR
"Écran PC Moniteur 22F650 CHiQ, 22'' 100Hz,FHD (1920 x 1080), VA, 99% sRVB, HDMI, VGA, montage VESA,2024",CHIQ,1920*1080,,,"83,99",cdiscount.com,MONITEUR
"Moniteur Portable 17"" 1080P FHD 1000:1 100%sRGB Deuxième Écran HDMI Double USB C Pour Mac Pro UPERFECT",,Full HD (1080p) 1920x1080,,"17,3""","159,99",cdiscount.com,MONITEUR
,,,,,,cdiscount.com,MONITEUR
,,,,,,cdiscount.com,MONITEUR
,,,,,,cdiscount.com,MONITEUR
Moniteur AOC 27B3HA2 - IPS - 1920 x 1080 - 1ms - AMD FreeSync,,1920 x 1080,,,"103,06",cdiscount.com,MONITEUR
,,,,,,cdiscount.com,MONITEUR
,,,,,,cdiscount.com,MONITEUR
Ecran PC Gamer Incurvé KTC H27S17 Moniteur de Jeu 27 Pouces 2560x1440 QHD 165Hz HVA Courbé 1500R 3ms Temps de Réponse,,,,,159,cdiscount.com,MONITEUR
"Écran PC - SAMSUNG - ViewFinity S70D - 32"" UHD 4K - Dalle VA - 5 ms - 100 Hz - HDMI / VGA",SAMSUNG,UHD 4K (3840 x 2160),LS32D700EAUXEN,32 pouces,"294,59",cdiscount.com,MONITEUR
"Moniteur portable 17,3 pouces UPERFECT Écran Full HD 1920x1080 adapté à SAMSUNG DEX",,Full HD (1080p) 1920x1080,,"17,3""","169,99",cdiscount.com,MONITEUR
,,,,,,cdiscount.com,MONITEUR
"Ecran PC Incurvé - SAMSUNG S24C366EAU - 24"" FHD - Dalle VA - 4 ms - 75Hz - HDMI / VGA - AMD FreeSync",SAMSUNG,1920 X 1080 pixels,LS24C366EAUXEN,24 pouces,"110,23",cdiscount.com,MONITEUR
,,,,,,cdiscount.com,MONITEUR
"Écran PC - AOC 24B2XH - 23,8"" FHD - Dalle IPS - 75Hz - 4ms - HDMI/VGA - LowBlue/Flicker-Free - VESA 100x100 - Noir",,,24B2XH/EU,,"87,27",cdiscount.com,MONITEUR
,,,,,,cdiscount.com,MONITEUR
"Ecran PC Gaming - MEDION - MD20127 - 27"" FHD - Dalle IPS - 1ms - 165 Hz - HDMI / DisplayPort",MEDION,Full HD 1920 x 1080 pixels,MD20127,"27 """,119,cdiscount.com,MONITEUR
,,,,,,cdiscount.com,MONITEUR
Moniteur - XIAOMI - A27i - 27 pouces - 1080p - 100Hz - Écran IPS Noir,XIAOMI,Full HD 1 920 × 1 080,,,"110,99",cdiscount.com,MONITEUR
,,,,,,cdiscount.com,MONITEUR
,,,,,,cdiscount.com,MONITEUR
"Philips Brilliance Moniteur LCD, rétroéclairage LED 220B4LPYCS-00, 55,9 cm (22""), 1680 x 1050 pixels, LED, 5 ms, 250 cd-m², Noir",PHILIPS,1680 x 1050 à 60 Hz,220B4LPYCS/00,"22""","77,75",cdiscount.com,MONITEUR
,,,,,,cdiscount.com,MONITEUR
,,,,,,cdiscount.com,MONITEUR
,,,,,,cdiscount.com,MONITEUR
,,,,,,cdiscount.com,MONITEUR
,,,,,,cdiscount.com,MONITEUR
"Moniteur Portable 17.3"" Screen 1920*1080 HDR LCD Display VESA Mountable - Uperfect 173K01",,1920*1080,,,"159,99",cdiscount.com,MONITEUR
Moniteur LCD HP  LA2205WG - 22 Pouces,HP,1680 x 1050,HPECRITECH45KJ5,22 po,"52,38",cdiscount.com,MONITEUR
"ASUS Moniteur LED TUF Gaming VG27VQ écran plat de PC 68,6 cm (27"") 1920 x 1080 pixels Full HD Incurvé Noir",ASUS,Full HD (1080p) 1920 x 1080 à 165 Hz,90LM0510-B01E70,"27""","242,99",cdiscount.com,MONITEUR
"Moniteur portable UPERFECT 15,6 pouces 1920 * 1080 FHD écran IPS pour PC",,1920*1080,,,"99,99",cdiscount.com,MONITEUR
"Écran - MSI - PRO MP243X - 23,8 pouces - FHD 1920x1080 - 1ms Temps de réponse",MSI,1920 x 1080 pixels,9S6-3PB5CH-038,"23,8""","108,44",cdiscount.com,MONITEUR
,,,,,,cdiscount.com,MONITEUR
,,,,,,cdiscount.com,MONITEUR
,,,,,,cdiscount.com,MONITEUR
"Écran LG 32MN500M-B 32"" Full HD IPS HDMI Noir - LG - 32"" - 1920 x 1080 px - IPS",LG,1920 x 1080 px,,,"177,18",cdiscount.com,MONITEUR
,,,,,,cdiscount.com,MONITEUR
,,,,,,cdiscount.com,MONITEUR
Moniteur gaming 32 pouces Quad HD avec taux de rafraîchissement élevé et technologie FreeSync.,,,,,"229,36",cdiscount.com,MONITEUR
Moniteur Gaming - AOC - 24G15N - Full HD 24 pouces - 180 Hz - 1 ms - Noir,,1920 x 1080 Pixels,,,"179,98",cdiscount.com,MONITEUR
Moniteur Philips 230B8QJEB/00 - 23 pouces LED 1920x1200 16:10 - IPS - Noir,PHILIPS,,,,"159,99",cdiscount.com,MONITEUR
"Écran PC - IIYAMA - GCB4580DQSN-B1 - 44,5"" DQHD - VA - 165Hz - 0,8ms - Incurvé",IIYAMA,5120 x 1440 pixels,GCB4580DQSN-B1,"45""","673,89",cdiscount.com,MONITEUR
,,,,,,cdiscount.com,MONITEUR
,,,,,,cdiscount.com,MONITEUR
,,,,,,cdiscount.com,MONITEUR
"UPERFECT Moniteur portable 16 pouces 2560*1600 2K 120HZ, compatible VESA, avec ports miniHDMI, Type C, OTG",,2560*1600,,40.64cm,"179,99",cdiscount.com,MONITEUR
,,,,,,cdiscount.com,MONITEUR
,,,,,,cdiscount.com,MONITEUR
,,,,,,cdiscount.com,MONITEUR
,,,,,,cdiscount.com,MONITEUR
,,,,,,cdiscount.com,MONITEUR
,,,,,,cdiscount.com,MONITEUR
,,,,,,cdiscount.com,MONITEUR
"UPERFECT Moniteur portable 18,5 pouces 1080P Full HD 120HZ, 100% sRGB, vitesse de réponse de 14 ms, compatible VESA",,1920*1080,,46.99cm,"169,99",cdiscount.com,MONITEUR
Moniteur portable 2K 16'' UPERFECT - IPS - HDR - FreeSync - USB C - Gaming Monitor,,2560*1600,,,"139,99",cdiscount.com,MONITEUR
,,,,,,cdiscount.com,MONITEUR
"3M Filtre standard pour écran - Transparent - Pour 68,6 cm (27"") Écran large Moniteur - 16:9",,,AG270W9B,,"116,11",cdiscount.com,MONITEUR
"UPERFECT Moniteur portable 16 pouces 2560*1600 2K 120HZ, compatible VESA, avec ports miniHDMI, Type C, OTG",,2560*1600,,40.64cm,"179,99",cdiscount.com,MONITEUR
,,,,,,cdiscount.com,MONITEUR
,,,,,,cdiscount.com,MONITEUR
"Moniteur portable UPERFECT 15,6 pouces 1920 * 1080 FHD écran IPS pour PC",,1920*1080,,,"99,99",cdiscount.com,MONITEUR
,,,,,,cdiscount.com,MONITEUR
,,,,,,cdiscount.com,MONITEUR
,,,,,,cdiscount.com,MONITEUR
"Moniteur UHD avec support Vesa, moniteur 4K 17,3 pouces 60 Hz",,4K 3840*2160,,"17,3","259,99",cdiscount.com,MONITEUR
,,,,,,cdiscount.com,MONITEUR
,,,,,,cdiscount.com,MONITEUR
,,,,,,cdiscount.com,MONITEUR
"Moniteur incurvé AOC Gaming CQ27G4X - QHD 27 Pouces, 180 Hz, 0,5 ms, FreeSync Prem., HDR10",,2560x1440,,,"216,82",cdiscount.com,MONITEUR
,,,,,,cdiscount.com,MONITEUR
,,,,,,cdiscount.com,MONITEUR
"Moniteur portable gaming Uperfect - 18,5 pouces, 120Hz, FHD, IPS pour Xbox",,1920*1080,,,"199,99",cdiscount.com,MONITEUR
"UPERFECT Écran de jeu 17,3 pouces 2560*1440 2K 144HZ, rapport de contraste 1000:1/100 % compatible sRGB/VESA",,2560*1440,,43.94cm,"159,99",cdiscount.com,MONITEUR
,,,,,,cdiscount.com,MONITEUR
"- Samsung - Samsung Odyssey OLED G8 S32DG800SU - Moniteur OLED - Intelligent - jeux - 32"" - 3840 x 2160 4K   240 Hz - 250 cd/m² -",SAMSUNG,,LS32DG800SUXEN,,"1047,19",cdiscount.com,MONITEUR
,,,,,,cdiscount.com,MONITEUR
"UPERFECTMoniteur portable double écran Full HD 1080P de 15,6 pouces, compatible VESA, avec HDMI, port pleine fonction de type C",,1920*1080,,39.62cm,"299,99",cdiscount.com,MONITEUR
,,,,,,cdiscount.com,MONITEUR
,,,,,,cdiscount.com,MONITEUR
,,,,,,cdiscount.com,MONITEUR
,,,,,,cdiscount.com,MONITEUR
"Écran PC - PHILIPS - Evnia 34M2C3500L - 34"" WQHD - Dalle incurvée - 180Hz - 0,5ms - HDR - HDMI/DP - Noir",PHILIPS,3440 x 1440 pixels,34M2C3500L/00,"34 "" (86,36 cm)","321,05",cdiscount.com,MONITEUR
"Ecran 23,8' (60 cm) - Full HD 1920 x 1080,AMD FreeSync Premium,180 Hz - Temps de réponse 1 ms,1 HDMI - 1 DisplayPort",ACER,,,,"142,26",cdiscount.com,MONITEUR
Moniteur Portable UPERFECT 2K 120Hz - 16 Pouces - Étui de Protection - PC/Mac/PS4/Xbox/Téléphone,,FHD 2560 x 1600,,16,"169,99",cdiscount.com,MONITEUR
,,,,,,cdiscount.com,MONITEUR
"Moniteur LCD Philips B-Line 221B8LJEB 54,6 cm (21,5"") Full HD WLED - 16:9 - Noir - Résolution 1920 x 1080",PHILIPS,Full HD (1080p) 1920 x 1080 à 60 Hz,221B8LJEB/00,"22""",130,cdiscount.com,MONITEUR
,,,,,,cdiscount.com,MONITEUR
"Moniteur Gaming - ASUS - ROG Strix OLED XG27ACDNG - 27"" QD-OLED - 2560x1440 - 360Hz - FreeSync Premium Pro",ASUS,2560 x 1440,,,"822,12",cdiscount.com,MONITEUR
,,,,,,cdiscount.com,MONITEUR
"Moniteur portable UPERFECT 15,6 pouces FDH Full HD IPS, rapport de contraste 60HZ 1200:1 compatible VESA",,1920*1080,,39.62cm,"99,99",cdiscount.com,MONITEUR
,,,,,,cdiscount.com,MONITEUR
,,,,,,cdiscount.com,MONITEUR
"Écran PC CRUA 27"" Moniteur Gaming Incurvé, 100Hz, Full HD 1080p, 1800R, 1ms GTG, FreeSync, Anti-Flou, Soin des Yeux, VESA, HDMI",,,,,"142,99",cdiscount.com,MONITEUR
,,,,,,cdiscount.com,MONITEUR
,,,,,,cdiscount.com,MONITEUR
,,,,,,cdiscount.com,MONITEUR
"Écran PC - Acer EK271Ebi - 27"" FHD - Dalle IPS - 100Hz HDMI/75Hz VGA - 1ms VRB - FreeSync - Acer VisionCare - Noir",ACER,1920 x 1080 pixels,UM.HE1EE.E02,"27 ""","99,99",cdiscount.com,MONITEUR
,,,,,,cdiscount.com,MONITEUR
"UPERFECT Écran Tactile de Moniteur Portable Avec Batterie de 15,6 po Pour Étui Intelligent HD USB Type-C",,1920*1080,,,"179,99",cdiscount.com,MONITEUR
,,,,,,cdiscount.com,MONITEUR
Ecran PC GIGABYTE GS34WQC EU - Noir - 3440 x 1440 - 1 ms - HDMI - DisplayPort - LCD VA,GIGABYTE,3440 x 1440 pixels,,,"254,64",cdiscount.com,MONITEUR
,,,,,,cdiscount.com,MONITEUR
,,,,,,cdiscount.com,MONITEUR
Moniteur de jeu - Nilox - NXM49CRVDC - 16:9,NILOX,,,,"840,29",cdiscount.com,MONITEUR
"Écran PC - PHILIPS - Evnia 24M2N3200S - 23,8"" FHD - Dalle Fast IPS - 180Hz - 0,5ms - Smart Crosshair - HDMI/DP - Noir",PHILIPS,,24M2N3200S/00,,"122,99",cdiscount.com,MONITEUR
,,,,,,cdiscount.com,MONITEUR
"Moniteur LG UltraGear 27GS60F-B 27"" FHD 180Hz IPS Noir",LG,,,,"159,99",cdiscount.com,MONITEUR
,,,,,,cdiscount.com,MONITEUR
"UPERFECT Moniteur portable IPS Full HD 1080P de 15,6 pouces, compatible VESA, avec ports HDMI, Type C, OTG",,1920*1080,,39.62cm,"99,99",cdiscount.com,MONITEUR
,,,,,,cdiscount.com,MONITEUR
"Écran PC Gamer - MSI - G273CQ - 27"" - Dalle VA - QHD - 1 ms - 170 Hz - HDR - Freesync Premium - DP + HDMI - Compatible VESA",MSI,2560 x 1440 pixels,9S6-3CD01H-001,"27""","215,99",cdiscount.com,MONITEUR
Moniteur portable 2K 16'' UPERFECT - IPS - HDR - FreeSync - USB C - Gaming Monitor,,2560*1600,,,"139,99",cdiscount.com,MONITEUR
"philips   e line 245e1s-00 noirEcran Le moniteur E-line 24"" (61 cm) affiche une image exceptionnelle, tandis que son design élégant",PHILIPS,,,,"159,54",cdiscount.com,MONITEUR
"Écran PC-CRUA 27"" 240Hz Moniteur Gaming Incurvé - Full HD 1080P, 1500R Design Sans Cadre, FreeSync, Eye Care, avec Support VESA",,1920*1080,,,"189,99",cdiscount.com,MONITEUR
Écran Tactile Portable Moniteur 15 Pouces Gaming FHD 1080P USB-C UPerfect,,Full HD (1080p) 1920x1080,,"15.6""","149,99",cdiscount.com,MONITEUR
,,,,,,cdiscount.com,MONITEUR
,,,,,,cdiscount.com,MONITEUR
,,,,,,cdiscount.com,MONITEUR
Ecran PC - Samsung Smart Monitor M5 - LS27AM500NRXEN - 27’’ FHD - Dalle VA,SAMSUNG,Full HD (1080p) 1920 x 1080 à 60 Hz,LS27AM500NRXEN,"27""","274,99",cdiscount.com,MONITEUR
Moniteur portable 2K 16'' UPERFECT - IPS - HDR - FreeSync - USB C - Gaming Monitor,,2560*1600,,,"139,99",cdiscount.com,MONITEUR
"Moniteur LED Dell SE2222H - 22 po - Full HD - VA - 250 cd/m2 - 3000:1 - 8 ms - HDMI, VGA",DELL,1920 x 1080,,,"125,63",cdiscount.com,MONITEUR
"Moniteur Portable 7 ""16: 9 Écran Tactile 5V -2A Alimentation HDMI USB Pour Raspberry Pi 4",,1024 * 600,,,"89,99",cdiscount.com,MONITEUR
,,,,,,cdiscount.com,MONITEUR
"Écran tactile de moniteur Portable, Mini moniteur UPERFECT 1080P FHD écran d'affichage IPS HDR",,FDH1920*1200,,"14""","159,99",cdiscount.com,MONITEUR
Moniteur LG 27SR50F-W - IPS - 1920x1080 - 5ms - Blanc,LG,1920x1080,,,"171,33",cdiscount.com,MONITEUR
,,,,,,cdiscount.com,MONITEUR
,,,,,,cdiscount.com,MONITEUR
"Moniteur de bureau - XIAOMI - Mi Desktop Monitor - 21,45 pouces - FHD 1080P - 75Hz - Noir",XIAOMI,1920 x 1080 pixels,,,"90,59",cdiscount.com,MONITEUR
"Moniteur LG 27UL500P-W - 27 po - 4K - IPS - Blanc - 5 ms - 2 HDMI, DP",LG,4K,INFORMATIQUE,,"284,29",cdiscount.com,MONITEUR
,,,,,,cdiscount.com,MONITEUR
"Moniteur Gaming - GIGABYTE - G34WQCP - 34"" Courbé - WQHD 3440 x 1440 - 180Hz 1ms FreeSync Premium",GIGABYTE,3440 x 1440,,,"371,81",cdiscount.com,MONITEUR
,,,,,,cdiscount.com,MONITEUR
,,,,,,cdiscount.com,MONITEUR
,,,,,,cdiscount.com,MONITEUR
"Moniteur Portable Écran USB C 1080P FHD 1200:1 100% sRGB 15.6"" FHD UPERFECT - IPS - Noir - 25ms",,"sRGB100%,1200:1, FHD 1920*1080P",,"15.6""","109,99",cdiscount.com,MONITEUR
,,,,,,cdiscount.com,MONITEUR
"Moniteur portable UPERFECT 15.6"" 1080P Touch Screen Full HD pour Gaming PC/PHONE/SWITCH",,FHD 1920*1080,,"15,6","169,99",cdiscount.com,MONITEUR
,,,,,,cdiscount.com,MONITEUR
,,,,,,cdiscount.com,MONITEUR
"Écran 25' Full HD avec 380Hz, technologie Fast IPS, 1ms de temps de réponse, connectivité USB-C.",ASUS,,,,"464,76",cdiscount.com,MONITEUR
"UPERFECT Moniteur de jeu portable 18"" 2K 144 Hz, 100 % DCI-P3 pour ordinateur portable PC mobile Mac Xbox",,2560*1600,,45.72cm,"229,99",cdiscount.com,MONITEUR
,,,,,,cdiscount.com,MONITEUR
Moniteur PHILIPS Q 27' IPS 75Hz 4ms Adaptive Sync avec Docking USB-C et haut-parleurs - Garantie 3 ans,PHILIPS,,276B1/00,,"352,98",cdiscount.com,MONITEUR
"ThinkVision T27I-30, moniteur LED 68,6 cm (27 pouces), noir, HDMI, DisplayPort, USB",LENOVO,,,,"209,13",cdiscount.com,MONITEUR
,,,,,,cdiscount.com,MONITEUR
Moniteur Gaming QHD 2K 1600p IPS 100% sRGB Dual Hdmi - UPERFECT 160K01,,FHD 2560 x 1600,,16,"149,99",cdiscount.com,MONITEUR
"Moniteur de jeu portable 17,3 pouces - UPERFECT - 144 Hz 1080P IPS - USB-C/HDMI",,FDH1920*1200,,"17.3""","179,99",cdiscount.com,MONITEUR
PHILIPS 271V8LAB/00 27p VA 1920x1080 16:9 HDMI D-SUB Black,PHILIPS,,,,115,cdiscount.com,MONITEUR
,,,,,,cdiscount.com,MONITEUR
,,,,,,cdiscount.com,MONITEUR
,,,,,,cdiscount.com,MONITEUR
,,,,,,cdiscount.com,MONITEUR
Moniteur Portable 15.6 Batterie Écran Tactile 1080P - Uperfect 156G16,,1920*1080,,,"209,99",cdiscount.com,MONITEUR
,,,,,,cdiscount.com,MONITEUR
,,,,,,cdiscount.com,MONITEUR
"Moniteur LED 27' FHD SuperClear® IPS avec résolution 1920 x 1080, VGA, HDMI, DisplayPort et haut-parleurs intégrés.",VIEWSONIC,,,,"161,68",cdiscount.com,MONITEUR
"Moniteur portable UPERFECT 15,6"" - Full HD 1080P - IPS - USB C - HDMI - OTG - Trou VESA",,FDH1920*1200,,"15.6""","109,99",cdiscount.com,MONITEUR
"Moniteur Portable 15.6"" 4K Ultra Slim HDR IPS LCD 3840*2160 2*USB C Display EU - Uperfect 156A27",,4K 3840*2160,,,"299,99",cdiscount.com,MONITEUR
"Ecran Pc-CRUA Moniteur de jeu incurvé de 24,5 pouces-180Hz 1920 x 1080P 2800R 99% sRGB avec FreeSync, noir",,1920X1080,,,"149,99",cdiscount.com,MONITEUR
,,,,,,cdiscount.com,MONITEUR
,,,,,,cdiscount.com,MONITEUR
"Moniteur LED AOC 27B2DM, 27 pouces, FHD IPS, 4 ms, 75 Hz, noir",,,,,"126,98",cdiscount.com,MONITEUR
,,,,,,cdiscount.com,MONITEUR
,,,,,,cdiscount.com,MONITEUR
"Écran PC incurvé AOC CU34G2XE 34"" WQHD Dalle VA 144Hz 1ms 1 HDMI 1DP Adaptive Sync Noir",,3440 x 1440 pixels,CU34G2XE/BK,"34 "" (86,4 cm)",309,cdiscount.com,MONITEUR
"Moniteur LED AOC 27B2QAM, 27 pouces, FHD VA, 4 ms, 75 Hz, noir",,,,,"136,12",cdiscount.com,MONITEUR
,,,,,,cdiscount.com,MONITEUR
,,,,,,cdiscount.com,MONITEUR
,,,,,,cdiscount.com,MONITEUR
,,,,,,cdiscount.com,MONITEUR
,,,,,,cdiscount.com,MONITEUR
,,,,,,cdiscount.com,MONITEUR
"FlexScan EV2485-WT, moniteur LED 61,1 cm(24'), blanc, WUXGA, USB-C, HDMI",EIZO,,,,"509,23",cdiscount.com,MONITEUR
,,,,,,cdiscount.com,MONITEUR
"Moniteur portable EVICIV 144 Hz 16,1 pouces 1080p pour ordinateur portable",,1920*1080,,40.89cm,"169,99",cdiscount.com,MONITEUR
,,,,,,cdiscount.com,MONITEUR
,,,,,,cdiscount.com,MONITEUR
,,,,,,cdiscount.com,MONITEUR
,,,,,,cdiscount.com,MONITEUR
,,,,,,cdiscount.com,MONITEUR
Moniteur DAHUA DHI-LM22-B201A - 27 po - 1920 x 1080 - 16:9 - 5 ms - HDMI - IPS,DAHUA,,,,"129,43",cdiscount.com,MONITEUR
,,,,,,cdiscount.com,MONITEUR
,,,,,,cdiscount.com,MONITEUR
"Moniteur Portable Tactile Batterie FHD 1080P Gaming - UPERFECT - 15,6 pouces - 800:1 - 250cd/m² - 72% sRGB",,Full HD (1080p) 1920x1080,,"15.6""","195,89",cdiscount.com,MONITEUR
,,,,,,cdiscount.com,MONITEUR
,,,,,,cdiscount.com,MONITEUR
"Écran double écran portable 15,6 pouces 1080 full HD, luminosité
300cd/m²/100% compatible sRGB/VESA, mini HDMI, interface Type C",,1920*1080,,39.62cm,"299,99",cdiscount.com,MONITEUR
,,,,,,cdiscount.com,MONITEUR
,,,,,,cdiscount.com,MONITEUR
"Moniteur portable EVICIV 15,6"" IPS Full HD 1920 x 1080 - Noir - Type C et HDMI",,1920*1080,,39.62cm,"109,99",cdiscount.com,MONITEUR
,,,,,,cdiscount.com,MONITEUR
,,,,,,cdiscount.com,MONITEUR
"UPERFECT Écran portable quad HD 2K QHD 2160 x 1440 de 14 pouces, rapport de contraste 1500:1, 100 % sRGB",,2160*1440,,35.56cm,"99,99",cdiscount.com,MONITEUR
,,,,,,cdiscount.com,MONITEUR
"Moniteur Portable 4K 15,6 pouces - UPERFECT 156C10 - IPS - AMD FreeSync - 3840x2160",,4K 3840*2160,,,"168,98",cdiscount.com,MONITEUR
,,,,,,cdiscount.com,MONITEUR
,,,,,,cdiscount.com,MONITEUR
,,,,,,cdiscount.com,MONITEUR
,,,,,,cdiscount.com,MONITEUR
Moniteur Philips 221V8A/00 21.5 pouces FHD - Noir - LCD LED - VA - 1920 x 1080 - 4ms - VGA HDMI,PHILIPS,Full HD (1080p) 1920 x 1080 à 75 Hz,,"22""","89,57",cdiscount.com,MONITEUR
"Moniteur AOC Q27B3CF2 - QHD 27 pouces, HDMI, USB-C, réglable en hauteur",,2560 x 1440,,,219,cdiscount.com,MONITEUR
,,,,,,cdiscount.com,MONITEUR
,,,,,,cdiscount.com,MONITEUR
,,,,,,cdiscount.com,MONITEUR
,,,,,,cdiscount.com,MONITEUR
,,,,,,cdiscount.com,MONITEUR
"Moniteur portable Gaming 18,5 pouces - Uperfect 185E04 - 120HZ - FHD - IPS",,1920*1080,,,"199,99",cdiscount.com,MONITEUR
"HP Moniteur ProDisplay P222va Écran LED 21.5"" 1920 x 1080 Full HD",HP,Full HD (1080p) 1920 x 1080 à 60 Hz,2366148,"21.5""",72,cdiscount.com,MONITEUR
"Moniteur portable UPERFECT - 15,6"" - 1080P - IPS - USB C/HDMI - Haut-parleurs intégrés - Montage mural",,FHD 1920 x 1080,,"15,6","109,99",cdiscount.com,MONITEUR
"Moniteur portable Gaming 18,5 pouces - Uperfect 185E04 - 120HZ - FHD - IPS",,1920*1080,,,"199,99",cdiscount.com,MONITEUR
"Moniteur Dell SP2309W 23"" 2048x1152 HDMI DVI VGA Noir",DELL,,,,63,cdiscount.com,MONITEUR
"Moniteur Portable 4K Gamer 15,6 Pouces - UPERFECT - HDMI USB C - 1300:1 - 100% sRGB",,"4K,3840x2160P",,"15,6""","199,99",cdiscount.com,MONITEUR
,,,,,,cdiscount.com,MONITEUR
"UPERFECT- Moniteur de jeu 1440P 2K 100 % sRGB Écran portable 17,3 pouces VESA",,,,,"229,99",cdiscount.com,MONITEUR
,,,,,,cdiscount.com,MONITEUR
,,,,,,cdiscount.com,MONITEUR
"Moniteur portable double écran Full HD 1080P de 15,6 pouces, 100 % sRGB, compatible VESA, avec interfaces miniHDMI et Type C",,1920*1080,,39.62cm,"359,99",cdiscount.com,MONITEUR
Moniteur SAMSUNG SyncMaster S22C450BW,SAMSUNG,,SAM03347,,"71,25",cdiscount.com,MONITEUR
,,,,,,cdiscount.com,MONITEUR
EVICIV Moniteur de jeu 144 Hz Écran portable 18 pouces 2K 2560 x 1600 Extensible PC-ordinateur portable-PS3 4-téléphone portable,,,,,"229,99",cdiscount.com,MONITEUR
,,,,,,cdiscount.com,MONITEUR
Moniteur Portable - UPERFECT - 156E07 - Écran tactile - 1920 x 1080 - HDR,,1920*1080,,,"159,99",cdiscount.com,MONITEUR
,,,,,,cdiscount.com,MONITEUR
"Ecran PC Gamer - SAMSUNG - ODYSSEY G5 S32CG510EU - 32"" WQHD - Dalle VA - 1 ms - 165 Hz - HDMI / DP - FreeSync Premium",SAMSUNG,2560 x 1440,LS32CG510EUXEN,32’’,"232,99",cdiscount.com,MONITEUR
,,,,,,cdiscount.com,MONITEUR
"Moniteur double écran UPERFECT Full HD 18,5 pouces 1080P 100% sRGB",,FHD 1920 x 1080,,"18,5","459,99",cdiscount.com,MONITEUR
"Moniteur ViewSonic VA2432-H 24"" Full HD, bords fins, IPS, VGA, HDMI",VIEWSONIC,1920X1080,,,"107,62",cdiscount.com,MONITEUR
"Moniteur portable pliable 15,6'' FHD LED IPS 60Hz 8ms avec MiniHDMI, Type-C, Audio Out et garantie 2 ans.",ACER,,,,313,cdiscount.com,MONITEUR
,,,,,,cdiscount.com,MONITEUR
"TUF Gaming VG24VQ1B, moniteur de jeu 60,5 cm (23,8 pouces), noir, HDMI, DisplayPort, AMD Free-Sync, Adaptive Sync, incurvé, dalle 16",ASUS,,,,"188,41",cdiscount.com,MONITEUR
,,,,,,cdiscount.com,MONITEUR
,,,,,,cdiscount.com,MONITEUR
,,,,,,cdiscount.com,MONITEUR
"Moniteur Ecran Gaming Xiaomi G27i 27""(ELA5375EU)",XIAOMI,,,,"163,39",cdiscount.com,MONITEUR
"Écran tactile portable - Cdisplay 15.6"" FHD pour ordinateur gamer - HDMI - USB-C",,FHD 1920 x 1080,,15.6,"149,99",cdiscount.com,MONITEUR
"Écran PC - IIYAMA - ProLite XU2493HSU-B6 - 24"" FHD - Dalle IPS - 100Hz - 1ms - HDMI/DP - Haut-parleurs - Noir mat",IIYAMA,1920 x 1080 @100Hz,XU2493HSU-B6,"23,8"" (60,5 cm)","109,99",cdiscount.com,MONITEUR
,,,,,,cdiscount.com,MONITEUR
Moniteur Portable UPERFECT 2K 120Hz - 16 Pouces - Étui de Protection - PC/Mac/PS4/Xbox/Téléphone,,FHD 2560 x 1600,,16,"169,99",cdiscount.com,MONITEUR
Moniteur HP Series 5 23.8 pouces FHD avec haut-parleurs - Noir - IPS - 300 nits - 1500:1,HP,1920 x 1080,,,"165,93",cdiscount.com,MONITEUR
,,,,,,cdiscount.com,MONITEUR
Moniteur Portable 15 Pouces Gamer FHD 1080P USB C Écran HDMI UPERFECT,,Full HD (1080p) 1920x1080,,"15.6""","109,99",cdiscount.com,MONITEUR
EVICIV Moniteur de jeu 144 Hz Écran portable 18 pouces 2K 2560 x 1600 Extensible PC-ordinateur portable-PS3 4-téléphone portable,,,,,"229,99",cdiscount.com,MONITEUR
"Moniteur portable tactile Full HD 15,6 P 1080 pouces, support rotatif réglable intégré, 100 % sRGB avec interface HDMI, Type C, OTG",,1920*1080,,39.62cm,"169,99",cdiscount.com,MONITEUR
,,,,,,cdiscount.com,MONITEUR
Moniteur Tactile 22 Pouces ATLANTIS A05-T22A-VHDM Full HD 1920x1080 HDMI VGA DP,ATLANTIS,1920x1080,,,"302,08",cdiscount.com,MONITEUR
"Moniteur de jeu portable EVICIV 16"" 2K 60 Hz 16:10 IPS 100 % Adobe RVB",,2560*1600,,40.64cm,"179,99",cdiscount.com,MONITEUR
,,,,,,cdiscount.com,MONITEUR
"Ecran PC Gaming - MEDION - MD20124 - 24"" FHD - Dalle IPS - 1 ms - 180 Hz - HDMI / DisplayPort",MEDION,Full HD 1920 x 1080 pixels,MD20124,"24 """,99,cdiscount.com,MONITEUR
,,,,,,cdiscount.com,MONITEUR
,,,,,,cdiscount.com,MONITEUR
,,,,,,cdiscount.com,MONITEUR
"Moniteur empilable double écran pliable 18,5 pouces - EVICIV Delta Max - Full HD 1080 - Large compatibilité",,1920*1080,,46.99cm,"399,99",cdiscount.com,MONITEUR
"UPERFECT Écran Tactile de Moniteur Portable Avec Batterie de 15,6 po Pour Étui Intelligent HD USB Type-C",,1920*1080,,,"179,99",cdiscount.com,MONITEUR
Écran Portable 17 Pouces UPERFECT - Moniteur 2K USB-C Gaming pour SAMSUNG DEX,,"2K,FHD 2560*1440P,sRGB100%,",,"17,3""","179,99",cdiscount.com,MONITEUR
,,,,,,cdiscount.com,MONITEUR
"Moniteur Portable , 15.6 "", 1080P, Dual Type C, HDMI Pour Jeu Xbox Switch PS4 - Uperfect 156B15",,1920*1080,,,"109,99",cdiscount.com,MONITEUR
"FlexScan EV2485-BK, moniteur LED 61,1 cm (24 pouces), noir, WUXGA, USB-C, HDMI",EIZO,,,,"510,37",cdiscount.com,MONITEUR
"Moniteur portable IPS Full HD 15,6 pouces 1080P, rapport de contraste 1200:1, adapté pour ordinateur portable/PC/Mac/PS4/Xbox",,1920*1080,,39.62cm,"99,99",cdiscount.com,MONITEUR
"Moniteur portable EVICIV 15,6 pouces - Full HD 1920*1080 IPS - HDMI Type C",,1920*1080,,39.62cm,"109,99",cdiscount.com,MONITEUR
"Écran PC - SAMSUNG - S27D366GAU - 27"" FHD 1800R - Dalle VA - 100Hz - 4ms - 1 HDMI - Inclinable - Noir",SAMSUNG,1920 x 1080,LS27D366GAUXEN,27 pouces,"121,26",cdiscount.com,MONITEUR
,,,,,,cdiscount.com,MONITEUR
"UPERFECT Moniteur de jeu portable 18"" 2K 144 Hz, 100 % DCI-P3 pour ordinateur portable PC mobile Mac Xbox",,2560*1600,,45.72cm,"229,99",cdiscount.com,MONITEUR
"UPERFECT 15.6"" Moniteur portable 4K Écran UHD ultra-mince Pour SAMSUNG/HUAWEI/APPLE/SWITCH",,FHD 3840*2160,,"15,6","199,99",cdiscount.com,MONITEUR
AOC 24E3QAF - 24 INCH MONITOR,,1920 x 1080,INFORMATIQUE,,"121,44",cdiscount.com,MONITEUR
"UPERFECT Moniteur de jeu portable 17,3 pouces 2560*1440 2K 144HZ pour ordinateurs portables/PC/Mac/PS4/Xbox",,2560*1440,,43.94cm,"199,99",cdiscount.com,MONITEUR
"Moniteur EVICIV 18"" 2K Quad HD 100% DCI-P3 144 Hz pour mobile de jeu",,2560*1600,,,"229,99",cdiscount.com,MONITEUR
"Écran PC Tactile de Moniteur Portable de Batterie UPERFECT Amélioré 15,6Pouces IPS HDR 1080P",,1920*1080,,,"249,99",cdiscount.com,MONITEUR
"UPERFECT Moniteur portable double écran Full HD 15,6 pouces 1080P, panneau IPS | Vitesse de réponse de 25 ms | Compatible VESA",,1920*1080,,39.62cm,"459,99",cdiscount.com,MONITEUR
,,,,,,cdiscount.com,MONITEUR
,,,,,,cdiscount.com,MONITEUR
"UPERFECT Moniteur portable 4K UHD de 15,6 pouces avec rapport de contraste de 1 300:1 pour ordinateurs portables/PC/Mac/PS4/Xbox",,3840*2160,,39.62cm,"229,99",cdiscount.com,MONITEUR
"EVICIV – moniteur portable 4K de 18.4 pouces, écran de jeu UHD, support réglable 100% sRGB, moniteur de jeu MINIHDMI Type C UHD",,,,,"259,99",cdiscount.com,MONITEUR
Écran Tactile Portable Moniteur 15 Pouces Gaming FHD 1080P USB-C UPerfect,,Full HD (1080p) 1920x1080,,"15.6""","159,99",cdiscount.com,MONITEUR
,,,,,,cdiscount.com,MONITEUR
"UPERFECT Moniteur portable tactile Full HD 15,6 pouces 1080P pour ordinateurs portables/PC/Mac/PS4/Xbox",,1920*1080,,39.62cm,"159,99",cdiscount.com,MONITEUR
,,,,,,cdiscount.com,MONITEUR
"BenQ GW2490T Moniteur de Bureau à Domicile 23,8 Pouces IPS 1080p, 100 Hz,Design Ergonomique, sRGB 99%, VESA, HDMI, DP, B.I., Low",BENQ,1080p,,,"134,99",cdiscount.com,MONITEUR
,,,,,,cdiscount.com,MONITEUR
,,,,,,cdiscount.com,MONITEUR
,,,,,,cdiscount.com,MONITEUR
Moniteur LCD Philips S-line 243S7EHMB - Full HD WLED - 16:9 - Noir - 1920 x 1080 - 5ms - HDMI/VGA,PHILIPS,Full HD (1080p) 1920 x 1080 à 60 Hz,243S7EHMB/00,"24""","135,22",cdiscount.com,MONITEUR
"Moniteur Portable Tactile Batterie FHD 1080P Gaming - UPERFECT - 15,6 pouces - 800:1 - 250cd/m² - 72% sRGB",,Full HD (1080p) 1920x1080,,"15.6""","199,99",cdiscount.com,MONITEUR
"Moniteur portable double écran Full HD 1080P de 15,6 pouces, 100 % sRGB, compatible VESA, avec interfaces miniHDMI et Type C",,1920*1080,,39.62cm,"359,99",cdiscount.com,MONITEUR
,,,,,,cdiscount.com,MONITEUR
"BENQ MONITEUR PD2705UA 4K 27 POUCES ERGO ARM, UHD, SRVB, REC. 709, HDR",BENQ,,INFORMATIQUE,,"527,36",cdiscount.com,MONITEUR
"Moniteur Portable 17,3 Pouces 4K 3840*2160 UHD HDMI USB C IPS UPERFECT",,,,,"255,99",cdiscount.com,MONITEUR
,,,,,,cdiscount.com,MONITEUR
Moniteur Portable EVICIV 2K 144Hz 17.3 pouces - EVICIV - Large compatibilité - IPS,,2560*1440,,43.94cm,"199,99",cdiscount.com,MONITEUR
,,,,,,cdiscount.com,MONITEUR
"Moniteur portable 17,3"" autoportant, écran d'ordinateur portable UPERFECT 1080P FHD HDR IPS avec HDMI standard/USB 3.0 OTG/Type C",,1920*1080,,43.94cm,"179,99",cdiscount.com,MONITEUR
,,,,,,cdiscount.com,MONITEUR
,,,,,,cdiscount.com,MONITEUR
"Moniteur portable - EVICIV - 14"" 2K Quad HD - MiniHDMI Type-C OTG - Noir",,2160*1440,,35.56cm,"109,99",cdiscount.com,MONITEUR
,,,,,,cdiscount.com,MONITEUR
"Moniteur LED LG 34WP550-B, 34 pouces, QHD IPS, 5 ms, 60 Hz, noir",LG,,,,"253,91",cdiscount.com,MONITEUR
,,,,,,cdiscount.com,MONITEUR
"UPERFECT Moniteur portable 4K UHD de 15,6 pouces avec rapport de contraste de 1 300:1 pour ordinateurs portables/PC/Mac/PS4/Xbox",,3840*2160,,39.62cm,"229,99",cdiscount.com,MONITEUR
Moniteur LG 25MS500-B 24' Full HD 100 Hz,,FHD 1080p,,,"108,99",cdiscount.com,MONITEUR
Moniteur Portable GEEKOM 16 pouces 1920 * 1080 FHD écran IPS avec housse de protection - pour PC/PS4/Xbox/Téléphone,,1920*1080,,,199,cdiscount.com,MONITEUR
"Moniteur à écran tactile 15,6"" 1080P Moniteur portable | UPERFECT",,FHD 1920 x 1080,,"15,6","169,99",cdiscount.com,MONITEUR
"Moniteur portable EVICIV 17,3 pouces - Full HD 1080P - HDMI/Type C - Compatible PS4/PS5/Xbox/Raspberry Pi",,1920*1080,,43.94cm,"159,99",cdiscount.com,MONITEUR
,,,,,,cdiscount.com,MONITEUR
,,,,,,cdiscount.com,MONITEUR
"Écran Gaming - JAPANNEXT - 27"" WQHD - 165Hz - DP 1.4 - HDMI 2.0 - Pied ergonomique",,(2560x1440),JN-27IPS165WQHDR-HSP,27 pouces,"199,99",cdiscount.com,MONITEUR
"Moniteur de jeu portable EVICIV 16"" 2K 60 Hz 16:10 IPS 100 % Adobe RVB",,2560*1600,,40.64cm,"179,99",cdiscount.com,MONITEUR
"Moniteur portable EVICIV 18,5 pouces 1080P Full HD 120 Hz, 100 % sRGB compatible avec le deuxième écran VASE",,,,,"199,99",cdiscount.com,MONITEUR
"Moniteur gaming ASUS ROG XG259CMS 25' Full HD avec une fréquence de rafraîchissement de 310Hz, technologie Fast IPS, temps de répons",ASUS,,,,"384,99",cdiscount.com,MONITEUR
"Moniteur Portable - UPERFECT - 17.3"" - IPS - 1920*1080 - HDR - VESA Mountable",,1920*1080,,,"179,99",cdiscount.com,MONITEUR
,,,,,,cdiscount.com,MONITEUR
"Moniteur portable UPERFECT - 15,6"" - 1080P - IPS - USB C/HDMI - Haut-parleurs intégrés - Montage mural",,FHD 1920 x 1080,,"15,6","109,99",cdiscount.com,MONITEUR
"Moniteur portable 17.3"" 1920*1080 Type support pivotant d'écran USB C pour jeu Xbox - Uperfect 173B01",,1920*1080,,,"189,99",cdiscount.com,MONITEUR
,,,,,,cdiscount.com,MONITEUR
,,,,,,cdiscount.com,MONITEUR
"Moniteur portable 4K UPERFE - UPERFECT - 15,6"" - 100% Adobe RVB - 600 nits - HDMI USB-C",,4K Ultra-HD 3840 x 2160,,"15.6""","229,89",cdiscount.com,MONITEUR
"IIYAMA PROLITE XB2783HSU 27"" Full HD LED, HDMI, DisplayPort, VGA, 4 ms | Moniteur Reconditionné",IIYAMA,,,,124,cdiscount.com,MONITEUR
UPERFECT Écrans portables Moniteur de jeu 120Hz 1600P Ecran 16 pouces VESA,,FHD 2560 x 1600,,16,"179,99",cdiscount.com,MONITEUR
"Moniteur portable EVICIV 15,6"" 4K UHD 100 % sRGB pour ordinateur portable-PC-Mac-PS4-Xbox",,3840*2160,,39.62cm,"229,99",cdiscount.com,MONITEUR
"Moniteur portable 13.3"" 4K UHD IPS - UPERFECT 133J02 - Écran d'extension HDMI USB C",,4K 3840*2160,,,"189,89",cdiscount.com,MONITEUR
,,,,,,cdiscount.com,MONITEUR
Moniteur Gaming QHD 2K 1600p IPS 100% sRGB Dual Hdmi - UPERFECT 160K01,,FHD 2560 x 1600,,16,"149,99",cdiscount.com,MONITEUR
,,,,,,cdiscount.com,MONITEUR
"Moniteur portable 1080P 17,3"" deuxième écran FHD + HDR type C montable",,1920*1080,,,"179,99",cdiscount.com,MONITEUR
"Moniteur portable EVICIV 15,6"" 4K UHD 100 % sRGB pour ordinateur portable-PC-Mac-PS4-Xbox",,3840*2160,,39.62cm,"229,99",cdiscount.com,MONITEUR
Moniteur Portable UPERFECT 2K 16 Pouces - HDMI Type C - PC Mobile Phone Xbox Switch PS4/5,,FHD 2560 x 1600,,16,"169,99",cdiscount.com,MONITEUR
"Moniteur portable UPERFECT 13.3"" 4K 3840*2160 Écran d'extension HDMI USB C - UPERFECT - 1400:1 - Noir - 3 ms",,4K 3840*2160,,,"179,99",cdiscount.com,MONITEUR
"Acer R271 Bmix 27"" Full HD LED, HDMI, VGA, 1 ms | Moniteur Reconditionné",ACER,,,,169,cdiscount.com,MONITEUR
,,,,,,cdiscount.com,MONITEUR
,,,,,,cdiscount.com,MONITEUR
,,,,,,cdiscount.com,MONITEUR
,,,,,,cdiscount.com,MONITEUR
"Moniteur Portable UPERFECT-15,6"" - IPS - 1080P - Rapport de Contraste 2000:1",,1920*1080,,,"129,99",cdiscount.com,MONITEUR
"Moniteur LCD ASUS ZenScreen GO MB16AHP - 15,6"" FHD WLED - Noir",ASUS,Full HD (1080p) 1920 x 1080,90LM04T0-B01170,"15.6""","317,89",cdiscount.com,MONITEUR
,,,,,,cdiscount.com,MONITEUR
Moniteur LG - 34WP550-B - 34 pouces - 21:9 - HDMI - DisplayPort,LG,,,,"292,34",cdiscount.com,MONITEUR
"Moniteur de jeu portable UPERFECT 16"" 2K 144HZ QHD avec MINI HDMI, port Type-C, compatible VESA",,2560*1600,,40.64cm,"159,99",cdiscount.com,MONITEUR
"IIYAMA PROLITE B2791HSU 27"" Full HD LED, HDMI, DisplayPort, VGA, 1 ms | Moniteur Reconditionné",IIYAMA,,,,119,cdiscount.com,MONITEUR
,,,,,,cdiscount.com,MONITEUR
,,,,,,cdiscount.com,MONITEUR
"Écran PC - SAMSUNG - ViewFinity S70D - 27"" 4K 3840x2160 - Dalle IPS - 300cd/m2 - 5 ms - 60Hz - HDMI - Pivot / Orientable",SAMSUNG,UHD 4K (3840 x 2160),LS27D700EAUXEN,27 pouces,"211,59",cdiscount.com,MONITEUR
,,,,,,cdiscount.com,MONITEUR
"Moniteur de batterie à écran tactile de 15,6 pouces UPERFECT 156G16 - IPS - 1920x1080 - HDMI/USB C/OTG",,1920*1080,,,"238,89",cdiscount.com,MONITEUR
,,,,,,cdiscount.com,MONITEUR
Moniteur design - BenQ - PD2705Q - QHD - IPS - Chargement USB-C,BENQ,,PD2705Q,,"298,14",cdiscount.com,MONITEUR
"Moniteur portable  15.6 "" 1080P FHD USB C Display HDMI pour ordinateur portable Mac Pro - Uperfect 156B05",,1920*1080,,,"150,89",cdiscount.com,MONITEUR
"Moniteur portable EVICIV 2K 144 Hz 16,1 pouces - FreeSync HDR",,2560*1440,,40.89cm,"199,99",cdiscount.com,MONITEUR
"Moniteur portable EVICIV 15,6 pouces 1080P 72% sRGB HD IPS Écran portable avec MINI HDMI-Type-C",,1920*1080,,39.62cm,"109,99",cdiscount.com,MONITEUR
,,,,,,cdiscount.com,MONITEUR
"Moniteur Portable - Uperfect 173K03 - 17.3"" - 2K - Affichage 100% sRGB",,2K 2560*1440,,,"179,99",cdiscount.com,MONITEUR
"Moniteur tactile iggual IGG315736 48,3 cm (19"") Noir - Résolution 1280 x 1024 - Temps de réponse 5ms",,1280 x 1024 Pixels,,,"242,09",cdiscount.com,MONITEUR
,,,,,,cdiscount.com,MONITEUR
"Moniteur Gaming Portable 120Hz 16"" 2K ecran QHD Pour Switch Xbox PS4 - Uperfect 160C02",,2K 2560*1600,,,"213,89",cdiscount.com,MONITEUR
,,,,,,cdiscount.com,MONITEUR
"Moniteur portable EVICIV 144 Hz 16,1 pouces 1080p pour ordinateur portable",,1920*1080,,40.89cm,"169,99",cdiscount.com,MONITEUR
Moniteur HP S5 Pro 527pq 27p QHD avec connectivité HDMI et DP.,HP,,,,"300,28",cdiscount.com,MONITEUR
,,,,,,cdiscount.com,MONITEUR
Moniteur - PHILIPS - 24B2G5301 - Full HD 24 Pouces - Réglable en Hauteur - 100 Hz - Haut-parleurs,PHILIPS,1920 x 1080,,,"299,99",cdiscount.com,MONITEUR
,,,,,,cdiscount.com,MONITEUR
"Moniteur HP V22e - 21.5"" Full HD 1920 x 1080 - Anti-reflet - Temps de réponse 5 ms",HP,1920 x 1080,,,259,cdiscount.com,MONITEUR
Moniteur Portable UPERFECT 156G16 - Ecran Gaming Voyage FHD 15.6 po - USB-C/HDMI - IPS - Tactile 10 points,,FHD 1920 x 1080,,"15,6","229,99",cdiscount.com,MONITEUR
Moniteur portable UPERFECT 17.3 pouces 1440P USB-C - IPS - Noir,,FHD 2560 x 1600,,"17,3","199,99",cdiscount.com,MONITEUR
,,,,,,cdiscount.com,MONITEUR
Ecran PC Samsung ODYSSEY G5 - G51A 27'''' 165Hz,SAMSUNG,2560 x 1440,LS27CG510EUXEN,27’’,"209,99",cdiscount.com,MONITEUR
,,,,,,cdiscount.com,MONITEUR
"Moniteur de bureau - XIAOMI - Mi Desktop Monitor - 21,45 pouces - FHD 1080P - 75Hz - Noir",XIAOMI,1920 x 1080 pixels,,,"90,39",cdiscount.com,MONITEUR
"Moniteur LED LG 27UP650-W, 27 pouces, 4K UHD IPS, 5 ms, 60 Hz, alb",LG,,,,"555,6",cdiscount.com,MONITEUR
,,,,,,cdiscount.com,MONITEUR
,,,,,,cdiscount.com,MONITEUR
Moniteur Gaming QHD 2K 1600p IPS 100% sRGB Dual Hdmi - UPERFECT 160K01,,FHD 2560 x 1600,,16,"149,99",cdiscount.com,MONITEUR
,,,,,,cdiscount.com,MONITEUR
"Ecran PC Tactile Moniteur Portable 15,6"" Ecran Mobile Support Rétractable Léger et Mince IPS Ecran LCD 1920x1080 Full HD",,1920*1080,,,"175,99",cdiscount.com,MONITEUR
,,,,,,cdiscount.com,MONITEUR
Ecran Moniteur LCD PRO DELL Ultrasharp 1909W Noir 1909WB 19',DELL,,,,"55,1",cdiscount.com,MONITEUR
,,,,,,cdiscount.com,MONITEUR
"Moniteur Portable 15,6"" Touchscreen Tactile, Moniteur Écran 1080 FHD Tpye C IPS Mode Vertical et Horizontal,pour",,Full HD (1080p) 1920x1080,,,"145,99",cdiscount.com,MONITEUR
Moniteur Philips 232E2 23'' LED 1920x1080 DVI D-SUB Noir,PHILIPS,,,,63,cdiscount.com,MONITEUR
"Moniteur Portable - UPERFECT - 18,5 Pouces - 120Hz - IPS Full HD - USB C Mini HDMI",,1920 x 1080,,,"270,48",cdiscount.com,MONITEUR
Moniteur de jeu UPERFECT 18 pouces 2K 144 Hz FreeSync,,2K QHD 2560*1600,,"18""","229,99",cdiscount.com,MONITEUR
,,,,,,cdiscount.com,MONITEUR
"Moniteur portable EVICIV 15,6"" IPS Full HD 1920 x 1080 - Noir - Type C et HDMI",,1920*1080,,39.62cm,"109,99",cdiscount.com,MONITEUR
,,,,,,cdiscount.com,MONITEUR
"Moniteur Acer Nitro KG272S3bmiipfx - Écran PC Gaming 27 Full HD,180 Hz 1920x1080,169,FreeSync,1ms VRB,250 Nits,Comfyview,BlueLigh",ACER,,,,"228,51",cdiscount.com,MONITEUR
"Moniteur Acer Nitro KG272Ebmiifx - Écran PC Gaming 27 Full HD,100Hz 1920x1080,169,FreeSync,1ms VRB,250 Nits,Comfyview,BlueLightSh",ACER,,,,"193,86",cdiscount.com,MONITEUR
,,,,,,cdiscount.com,MONITEUR
"IIYAMA Moniteur 21.5"" IPS*XUB2293HS-B3*HP/HDMI/DP/VGA/Pied Reg",IIYAMA,1920 x 1080,,,"115,99",cdiscount.com,MONITEUR
Moniteur de jeu HP OMEN 27 pouces UHD 144Hz - OMEN 27k,HP,3840 x 2160,780G8E9#ABB,,"500,3",cdiscount.com,MONITEUR
,,,,,,cdiscount.com,MONITEUR
"Moniteur portable UPERFECT 15,6"" - Full HD 1080P - IPS - USB C - HDMI - OTG - Trou VESA",,FDH1920*1200,,"15.6""","109,99",cdiscount.com,MONITEUR
"Moniteur portable - EVICIV - 14"" 2K Quad HD - MiniHDMI Type-C OTG - Noir",,2160*1440,,35.56cm,"109,99",cdiscount.com,MONITEUR
Moniteur Dell 27 - E2725H - IPS - 1920 x 1080 - 5ms - Noir,DELL,1920 x 1080,,,"138,99",cdiscount.com,MONITEUR
,,,,,,cdiscount.com,MONITEUR
,,,,,,cdiscount.com,MONITEUR
"Dahua Moniteur LED Full HD 24"" DHI-LM24-C200",DAHUA,Full HD,,,"107,98",cdiscount.com,MONITEUR
,,,,,,cdiscount.com,MONITEUR
"GM238-FFS, moniteur de jeu 60 cm (24 pouces), noir, FullHD, IPS, VRR, dalle 144Hz",COOLER MASTER,,,,"207,82",cdiscount.com,MONITEUR
HP - Compaq LA2205wg - Moniteur LCD 22' - DVI/VGA,HP,1680 x 1050 à 60 Hz,NM274AT#ABB,"22""","52,38",cdiscount.com,MONITEUR
,,,,,,cdiscount.com,MONITEUR
Moniteur Portable UPERFECT 2K 16 Pouces - HDMI Type C - PC Mobile Phone Xbox Switch PS4/5,,FHD 2560 x 1600,,16,"169,99",cdiscount.com,MONITEUR
Moniteur QHD HP S7 Pro 727pq - Écran IPS 2560x1440 - Technologie AMD FreeSync - Connectivité avancée,HP,QHD,8J4D8AA#ABB,,"411,92",cdiscount.com,MONITEUR
Moniteur - VIEWSONIC - VA2708-HDJ - 27 pouces - FHD 1920x1080 - Temps de réponse 4ms,VIEWSONIC,,,,"171,95",cdiscount.com,MONITEUR
"Moniteur Portable, 14 Pouces, Ecran PC Portable de 1920×1200 HD, Type C, HDMI Monitor pour PC, Phone, PS3 PS4 PS5, Xbox One, Switch",,1920*1200,,,"120,99",cdiscount.com,MONITEUR
Moniteur de jeu - KOORUI - 27 pouces - FHD 1080p - 180 Hz - 1 ms - VA incurvé 1500R,KOORUI,1920 x 1080,,,"250,99",cdiscount.com,MONITEUR
"Ecran Portable Double Triple Moniteur 2 x 14"" 1080P Pour Ordinateur PC UPERFECT",,,,,"359,97",cdiscount.com,MONITEUR
,,,,,,cdiscount.com,MONITEUR
Moniteur IPS 27 pouces Atlantis - Full HD 1920x1080 - 75Hz - HDMI DP VGA - FreeSync - Sortie audio/casque - Tilt,ATLANTIS,1920 x 1080,,,"122,98",cdiscount.com,MONITEUR
"KROM KERTZ - Moniteur Gaming 24"" LED RGB 200HZ, Temps de réponse 1ms, FullHD (1920X1080px), HDR, AMD Freesync & NVIDIA G-Sync,",,1920x1080,,,"156,38",cdiscount.com,MONITEUR
"Moniteur Gaming - ACER - Nitro KG241YS3biipf - 24"" Full HD - 180Hz - FreeSync Premium",ACER,1920x1080,,,"193,86",cdiscount.com,MONITEUR
"philips   e line 245e1s-00 noirEcran Le moniteur E-line 24"" (61 cm) affiche une image exceptionnelle, tandis que son design élégant",PHILIPS,,,,"169,42",cdiscount.com,MONITEUR
"UPERFECT Moniteur portable tactile Full HD 15,6 pouces 1080P pour ordinateurs portables/PC/Mac/PS4/Xbox",,1920*1080,,39.62cm,"159,99",cdiscount.com,MONITEUR
Moniteur LCD - AG Neovo - VA-3201 - 24 pouces - FHD 1080p - 60 Hz - Noir,,FHD 1080p,,,"216,96",cdiscount.com,MONITEUR
,,,,,,cdiscount.com,MONITEUR
,,,,,,cdiscount.com,MONITEUR
Acer - B193WGOymdh - Moniteur LCD 19' - VGA/DVI-D,ACER,1440 x 900 à 75 Hz,ET.CB3WE.G15,"19""","56,05",cdiscount.com,MONITEUR
"Moniteur portable EVICIV 18,5 pouces 1080P Full HD 120 Hz, 100 % sRGB compatible avec le deuxième écran VASE",,,,,"199,99",cdiscount.com,MONITEUR
"Moniteur HP 24fwa - 23.8"" FHD IPS LED avec enceintes intégrées - Blanc neige",HP,1920 X 1080,,,399,cdiscount.com,MONITEUR
,,,,,,cdiscount.com,MONITEUR
,,,,,,cdiscount.com,MONITEUR
Moniteur AOC 24B3HMA2 - Noir - 1920 x 1080 - 1 ms MPRT - HDMI - VA - 3000:1 - AMD FreeSync - 100 Hz,,1920 x 1080,,,"99,99",cdiscount.com,MONITEUR
,,,,,,cdiscount.com,MONITEUR
,,,,,,cdiscount.com,MONITEUR
,,,,,,cdiscount.com,MONITEUR
"philips   e line 245e1s-00 noirEcran Le moniteur E-line 24"" (61 cm) affiche une image exceptionnelle, tandis que son design élégant",PHILIPS,,,,"169,42",cdiscount.com,MONITEUR
"Écran tactile de moniteur Portable, Mini moniteur UPERFECT 1080P FHD écran d'affichage IPS HDR",,FDH1920*1200,,"14""","159,99",cdiscount.com,MONITEUR
"Moniteur portable 4K UPERFE - UPERFECT - 15,6"" - 100% Adobe RVB - 600 nits - HDMI USB-C",,4K Ultra-HD 3840 x 2160,,"15.6""","229,89",cdiscount.com,MONITEUR
Moniteur LG 25MS500-B 24' Full HD 100 Hz,,FHD 1080p,,,"108,21",cdiscount.com,MONITEUR
Moniteur Portable EVICIV 2K 144Hz 17.3 pouces - EVICIV - Large compatibilité - IPS,,2560*1440,,43.94cm,"199,99",cdiscount.com,MONITEUR
Moniteur - VIEWSONIC - VA2432-MHD - FHD1080p - IPS - 4ms - HDMI - VGA - DP,VIEWSONIC,1920 x 1080,,,"107,08",cdiscount.com,MONITEUR
Moniteur incurvé - LG - 34WQ75X - 34 pouces - Résolution QHD - HDR10 - 400 cd/m2,LG,3440 x 1440,34WQ75X-B.AEU,,"516,25",cdiscount.com,MONITEUR
HP - LE1901w - Moniteur LCD 19' - VGA,HP,1440 x 900 à 76 Hz,NK570AT#ABB,"19""","93,45",cdiscount.com,MONITEUR
"UPERFECT Moniteur portable tactile Full HD 15,6 pouces 1080P pour ordinateurs portables/PC/Mac/PS4/Xbox",,1920*1080,,39.62cm,"159,99",cdiscount.com,MONITEUR
"Moniteur portable UPERFECT - 15,6"" - 1080P - IPS - USB C/HDMI - Haut-parleurs intégrés - Montage mural",,FHD 1920 x 1080,,"15,6","109,99",cdiscount.com,MONITEUR
,,,,,,cdiscount.com,MONITEUR
Moniteur de Jeu TITAN ARMY P2710S - Écran LCD IPS Rapide 27 Pouces 2560*1440 16:9 - Taux de Rafraîchissement 240 Hz - HDR 400,,,,,"299,99",cdiscount.com,MONITEUR
Moniteur Philips 231B4Q 23'' IPS LCD 1920x1080 DVI VGA DisplayPort Gris,PHILIPS,,,,76,cdiscount.com,MONITEUR
,,,,,,cdiscount.com,MONITEUR
,,,,,,cdiscount.com,MONITEUR
Moniteur portable tactile Verbatim PMT-15 4K 15.6 pouces,VERBATIM,4K UHD,,,"348,54",cdiscount.com,MONITEUR
"Moniteur LED Full HD 31.5"" VA 165 Hz - DHI-LM32-E230C - Série Gaming DAHUA",DAHUA,,,,"191,91",cdiscount.com,MONITEUR
,,,,,,cdiscount.com,MONITEUR
,,,,,,cdiscount.com,MONITEUR
Moniteur gaming 32 pouces Quad HD avec taux de rafraîchissement élevé et technologie FreeSync.,,,,,"289,57",cdiscount.com,MONITEUR
,,,,,,cdiscount.com,MONITEUR
"Moniteur - ACER - Vero B7 - 21,5"" Full-HD - IPS - 100Hz - Temps de réponse 4ms",ACER,1920 x 1080,,,"174,54",cdiscount.com,MONITEUR
"Moniteur - HP - E32k G5 - 31,5 pouces - 16:9 - Temps de réponse 5 ms",HP,,,,"781,6",cdiscount.com,MONITEUR
SAMSUNG MONITEUR S24C650MW LED AD-PLS LS24C65KM…,SAMSUNG,,1749271,,"86,49",cdiscount.com,MONITEUR
,,,,,,cdiscount.com,MONITEUR
"Écran Ordinateur Moniteur Philips V Line 242V8A-00 23.8"" LED IPS FullHD",PHILIPS,Full HD (1080p) 1920 x 1080 à 75 Hz,,"24""","159,9",cdiscount.com,MONITEUR
"Moniteur 21,5' IPS Full HD 100Hz avec temps de réponse de 1ms, luminosité de 300cd/m², haut-parleurs intégrés et connectiques Displa",IIYAMA,,,,"130,33",cdiscount.com,MONITEUR
,,,,,,cdiscount.com,MONITEUR
"Ecran PC - SAMSUNG - S22C310EAU - 22"" FHD - Dalle IPS - 5 ms - 75 Hz - HDMI / VGA",SAMSUNG,FHD : 1920 x 1080,LS22C310EAUXEN,"22 ""","92,33",cdiscount.com,MONITEUR
,,,,,,cdiscount.com,MONITEUR
,,,,,,cdiscount.com,MONITEUR
,,,,,,cdiscount.com,MONITEUR
,,,,,,cdiscount.com,MONITEUR
"LENOVO Moniteur LCD ThinkVision E24-10 60,4 cm (23,8"") Full HD WLED - 16:9 - Résolution 1920 x 1080 - 16,7 Millions de couleurs -",LENOVO,Full HD (1080p) 1920 x 1080 à 60 Hz,61B7JAR6EU,"23.8""","141,55",cdiscount.com,MONITEUR
,,,,,,cdiscount.com,MONITEUR
,,,,,,cdiscount.com,MONITEUR
,,,,,,cdiscount.com,MONITEUR
,,,,,,cdiscount.com,MONITEUR
,,,,,,cdiscount.com,MONITEUR
"UPERFECT Écran portable double écran Full HD de 18,5 pouces,100 % compatible sRGB/VESA, avec miniHDMI, interface de type C",,1920*1080,,46.99cm,"459,99",cdiscount.com,MONITEUR
"Moniteur gaming ASUS VG24VQE reconditionné, 24 pouces, taux de rafraîchissement élevé.",ASUS,,,,206,cdiscount.com,MONITEUR
Moniteur 24' sans bordures sur 3 côtés avec dalle IPS (In-Plane-Switching) au format 16:10 et pied réglable en hauteur,IIYAMA,,,,"193,51",cdiscount.com,MONITEUR
,,,,,,cdiscount.com,MONITEUR
,,,,,,cdiscount.com,MONITEUR
"Moniteur  HP E27d G4 27"" IPS LED QHD 2560x1440 HDMI DisplayPort USB Typ-C",HP,,,,280,cdiscount.com,MONITEUR
,,,,,,cdiscount.com,MONITEUR
,,,,,,cdiscount.com,MONITEUR
,,,,,,cdiscount.com,MONITEUR
Écran Tactile Portable Moniteur 15 Pouces Gaming FHD 1080P USB-C UPerfect,,Full HD (1080p) 1920x1080,,"15.6""","159,99",cdiscount.com,MONITEUR
"Écran PC ASUS VA24DQFR 60,5 cm (23.8"") Full HD LCD Noir - IPS - 1 ms - HDMI/DisplayPort/VGA",ASUS,1920 x 1080,,,"124,99",cdiscount.com,MONITEUR
Ecran AOC U32U3CV 31.5p Nano IPS WLED UHD 60Hz HDMI - Noir - 3840 x 2160 - Delta E < 2 - Calman Ready,,UHD,,,"611,82",cdiscount.com,MONITEUR
,,,,,,cdiscount.com,MONITEUR
,,,,,,cdiscount.com,MONITEUR
"Moniteur LED 27' FHD avec technologie IPS, résolution 1920 x 1080, ports VGA, HDMI, DisplayPort, haut-parleurs intégrés et support e",VIEWSONIC,,,,"160,57",cdiscount.com,MONITEUR
"iiyama ProLite TF2215MC-B2 moniteur à écran tactile 54,6 cm (21.5"") 1920 x 1080 pixels Noir Plusieurs pressions Multi-utilisateur",IIYAMA,Full HD (1080p) 1920 x 1080 à 60 Hz,,"22""","576,18",cdiscount.com,MONITEUR
"Moniteur Portable UPERFECT - 15.6"" FHD 1080P IPS - Noir 35.8cmx22.7cmx1cm",,1920*1080,,,"168,99",cdiscount.com,MONITEUR
Moniteur Portable - EVICIV - 18.5'' - 100Hz - 1920x1080 - Pliable et Empilé,,1920 x 1080 Pixels,,,"804,98",cdiscount.com,MONITEUR
"Moniteur SPC USB 2.0 60 Hz 24"" FHD - SPC - TFT - IPS - Noir",SPC,1920 x 1080,,,"177,79",cdiscount.com,MONITEUR
Moniteur Portable 4K Tactile 10 Points 100%sRGB 1000:1 Ecran Capteur de gravité à rotation automatique UPERFECT,,,,,"359,99",cdiscount.com,MONITEUR
"Moniteur Gaming - Nilox - NXMM272K112 - 27"" - 100 Hz",NILOX,,,,"182,45",cdiscount.com,MONITEUR
,,,,,,cdiscount.com,MONITEUR
