Nom du produit,Marque,Stockage,Référence,Taille écran,CPU,Prix,Site web,Catégorie
"Ordinateur portable 15,6 pouces Full HD - 8GB RAM 256GB storage - Windows 11 - Celeron N4000 - HDMI - Clavier argenté - AZERTY",,SSD,,Oui,Intel N4000,"216,98",cdiscount.com,ORDINATEUR
,,,,,,,cdiscount.com,ORDINATEUR
PC portable BVATE-14''FHD - RAM 6Go+256Go Mémoire- Ordinateur Portable Windows11 |Celeron N4020- Stockage1To extensible  -Bleu,,256 Go SSD,,14 pouces,,"229,49",cdiscount.com,ORDINATEUR
"PC Portable HP 17-cn0019nf - Windows 11 - 17,3"" HD+ - Celeron N4120 - RAM 4Go - Stockage 128Go SSD - AZERTY",HP,,9P9A6EA#ABF,Oui,Intel® Celeron® N4120,"329,99",cdiscount.com,ORDINATEUR
"PC Portable HP 15s-eq2083nf - Windows 11 - 15,6"" FHD - Ryzen 5-5500U - RAM 16Go - Stockage 512Go SSD - AZERTY",HP,,6U7X2EA#ABF,Oui,AMD Ryzen™ 5 5500U,"399,99",cdiscount.com,ORDINATEUR
PC Portable LENOVO Ideapad 3 17ALC6 | Sans Windows - 17'' HD+ - Ryzen 5 5500U - RAM 12Go - SSD 512 Go - AZERTY,LENOVO,SSD 512 Go M.2 2242 PCIe® 4.0x4 NVMe®,82KV00LMFR,,AMD Ryzen™ 5 5500U,"399,99",cdiscount.com,ORDINATEUR
PC Portable LENOVO IdeaPad Slim 3 15IAN8| Sans Windows - 15'' FHD - Core i3-N305 - RAM 8 Go - SSD 512 Go - AZERTY,LENOVO,SSD,82XB006UFR,,Intel® Core™ i3-N305,"334,99",cdiscount.com,ORDINATEUR
"Apple - 15"" MacBook Air M3 (2024) - RAM 8Go - Stockage 512Go - Argent - AZERTY",APPLE,512 Go,MRYQ3FN/A,Oui,Apple M3,"1429,99",cdiscount.com,ORDINATEUR
,,,,,,,cdiscount.com,ORDINATEUR
"PC Portable - Celeron - 15,6'' - 16 Go RAM - 256 Go SSD - Windows 11 Pro",,,,"15,6",,"245,66",cdiscount.com,ORDINATEUR
,,,,,,,cdiscount.com,ORDINATEUR
,,,,,,,cdiscount.com,ORDINATEUR
"PC Portable HP 15s-eq2083nf - Windows 11 - 15,6"" FHD - Ryzen 5-5500U - RAM 16Go - Stockage 512Go SSD - AZERTY",HP,,6U7X2EA#ABF,Oui,AMD Ryzen™ 5 5500U,"399,99",cdiscount.com,ORDINATEUR
,,,,,,,cdiscount.com,ORDINATEUR
"PC Portable ACER Chromebook 314 CB314-2H-K04F - 14"" FHD - MTK MT8183 - RAM 4Go - Stockage 32Go - Chrome OS - AZERTY",ACER,,NX.AWFEF.00D,Oui,MTK MT8183,"209,99",cdiscount.com,ORDINATEUR
"PC Portable HP 15s-fq0024nf - Windows  11 - 15,6"" FHD - Celeron N4120 - RAM 4Go - 128Go SSD - Microsoft 365 Personnel inclus 1 an",HP,,9J3L5EA#ABF,Oui,Intel Celeron N4120,"299,99",cdiscount.com,ORDINATEUR
Apple - 15'' MacBook Air M3 - RAM 16Go - Stockage 256Go - CPU 8 cœurs - GPU 10 cœurs - Argent,APPLE,256 Go,MC9E4FN/A,Oui,Apple M3,1349,cdiscount.com,ORDINATEUR
,,,,,,,cdiscount.com,ORDINATEUR
,,,,,,,cdiscount.com,ORDINATEUR
"PC portabler 16.1"" Botrend-Intel N5095-128Go HDD+Storage 2To SSD-Intel UHD Graphics 615-Batterie 5000mAh-Ordinateur Portable,Noir",,,,,Intel N5095,"288,66",cdiscount.com,ORDINATEUR
,,,,,,,cdiscount.com,ORDINATEUR
,,,,,,,cdiscount.com,ORDINATEUR
,,,,,,,cdiscount.com,ORDINATEUR
Apple - 14'' MacBook Pro M4 Max - RAM 36Go - Stockage 1To SSD - CPU 14 cœurs - GPU 32 cœurs - Noir sidéral,APPLE,1 To,MX2K3FN/A,Oui,Apple M4 Max,3799,cdiscount.com,ORDINATEUR
,,,,,,,cdiscount.com,ORDINATEUR
"Apple - 13,6'' MacBook Air M2 - RAM 16Go - Stockage 256Go - CPU 8 cœurs - GPU 8 cœurs - Gris sidéral",APPLE,256 Go,MC7U4FN/A,Oui,Apple M2,999,cdiscount.com,ORDINATEUR
Apple - 16'' MacBook Pro M4 Max - RAM 36Go - Stockage 1To SSD - CPU 14 cœurs - GPU 32 cœurs - Argent,APPLE,1 To,MX2V3FN/A,Oui,Apple M4 Max,3949,cdiscount.com,ORDINATEUR
,,,,,,,cdiscount.com,ORDINATEUR
,,,,,,,cdiscount.com,ORDINATEUR
,,,,,,,cdiscount.com,ORDINATEUR
NOTODD PC Portable 16''- Stockage 12Go+512Go - Intel Celeron N5095 - Ordinateur Portable Windows 11 - FHD 1920*1200 - WiFI 5G +,,SSD SATA M2,,,Intel Celeron N5095,"282,99",cdiscount.com,ORDINATEUR
,,,,,,,cdiscount.com,ORDINATEUR
,,,,,,,cdiscount.com,ORDINATEUR
"PC Portable LENOVO IdeaPad 1 15IGL7 | Windows 11 + 1 an Office - 15,6"" FHD - Celeron N4500 - RAM 4 Go - Stockage 128Go - AZERTY",LENOVO,128Go eMMC 5.1,82LX009RFR,,"Intel® Celeron® N4500 (2C / 2T, 1.1 / 2.8GHz, 4MB L3)","229,99",cdiscount.com,ORDINATEUR
"PC Portable Acer Aspire 3 A315-44P-R1NV - 15.6"" FHD - AMD Ryzen 5 5500U - RAM 8Go - 512Go SSD - Windows 11 - AZERTY",ACER,SSD,NX.KSJEF.00G,Oui,AMD Ryzen™ 5 5500U,"399,99",cdiscount.com,ORDINATEUR
,,,,,,,cdiscount.com,ORDINATEUR
,,,,,,,cdiscount.com,ORDINATEUR
,,,,,,,cdiscount.com,ORDINATEUR
,,,,,,,cdiscount.com,ORDINATEUR
PC Portable LENOVO Ideapad 3 17ALC6 | Sans Windows - 17'' HD+ - Ryzen 5 5500U - RAM 12Go - SSD 512 Go - AZERTY,LENOVO,SSD 512 Go M.2 2242 PCIe® 4.0x4 NVMe®,82KV00LMFR,,AMD Ryzen™ 5 5500U,"399,99",cdiscount.com,ORDINATEUR
Ordinateur Portable - Win11- PC Portable -14 Pouces-1080p FHD - RAM 6Go+Stockage256Go SSD - Expansible 1TB-2.4G+5G WiFi-Argent,,256 Go SSD,,14 pouces,,"204,99",cdiscount.com,ORDINATEUR
,,,,,,,cdiscount.com,ORDINATEUR
PC portable BVATE-14''FHD - RAM 6Go+256Go Mémoire- Ordinateur Portable Windows11 |Celeron N4020- Stockage1To extensible  -Bleu,,256 Go SSD,,14 pouces,,"229,49",cdiscount.com,ORDINATEUR
,,,,,,,cdiscount.com,ORDINATEUR
"PC portable 15.6""-Intel Celeron N4000(Jusqu'à 3.0 GHz)-8Go RAM DDR4 256Go SSD-Windows 11PRO-WiFi5-Ordinateur Portable",,SSD,,Oui,Intel N4000,"206,99",cdiscount.com,ORDINATEUR
"Ordinateur portable 15,6 pouces Full HD - 8GB RAM 256GB storage - Windows 11 - Celeron N4000 - HDMI - Clavier argenté - AZERTY",,SSD,,Oui,Intel N4000,"216,98",cdiscount.com,ORDINATEUR
,,,,,,,cdiscount.com,ORDINATEUR
PC Portable LENOVO IdeaPad 1 15ALC7 | Windows 11 - 15'' FHD - Ryzen 5 5500U - RAM 8 Go - SSD 512 Go - AZERTY,LENOVO,512GB SSD,82R4007BFR,,AMD Ryzen™ 5 5500U,"409,99",cdiscount.com,ORDINATEUR
"PC Portable Gamer HP Victus 15-fb0202nf - Sans Windows - 15,6"" FHD 144Hz - RTX 3050 4Go - Ryzen 5-5600H - RAM 16Go - 512Go SSD",HP,,7M1V9EA#ABF,,AMD Ryzen™ 5 5600H,"549,99",cdiscount.com,ORDINATEUR
"PC Portable HP 15s-fq0024nf - Windows  11 - 15,6"" FHD - Celeron N4120 - RAM 4Go - 128Go SSD - Microsoft 365 Personnel inclus 1 an",HP,,9J3L5EA#ABF,Oui,Intel Celeron N4120,"299,99",cdiscount.com,ORDINATEUR
PC Portable Gamer LENOVO Legion S5 16ARP9 | Sans Windows - 16'' WQXGA 165hz - Ryzen 7 7435HS - RTX 4070 140w - RAM 16Go - SSD 512Go,LENOVO,512GB SSD M.2 2242 PCIe® 4.0x4 NVMe®,,,AMD Ryzen™ 7 7435HS,"1249,99",cdiscount.com,ORDINATEUR
"PC Portable Gamer HP Victus 16-s1034nf - Sans Windows - 16,1"" FHD 165Hz - RTX 4060 8Go - Ryzen 5-8645HS - 16Go - 512Go SSD - AZERTY",HP,,AJ4N0EA#ABF,,AMD Ryzen™ 5 8645HS,"799,99",cdiscount.com,ORDINATEUR
,,,,,,,cdiscount.com,ORDINATEUR
,,,,,,,cdiscount.com,ORDINATEUR
,,,,,,,cdiscount.com,ORDINATEUR
Ordinateur Portable - Win11- PC Portable -14 Pouces-1080p FHD - RAM 6Go+Stockage256Go SSD - Expansible 1TB-2.4G+5G WiFi-Argent,,256 Go SSD,,14 pouces,,"204,99",cdiscount.com,ORDINATEUR
"PC Portable ACER Chromebook 314 CB314-2H-K04F - 14"" FHD - MTK MT8183 - RAM 4Go - Stockage 32Go - Chrome OS - AZERTY",ACER,,NX.AWFEF.00D,Oui,MTK MT8183,"219,99",cdiscount.com,ORDINATEUR
,,,,,,,cdiscount.com,ORDINATEUR
,,,,,,,cdiscount.com,ORDINATEUR
"PC Portable Notebook - THOMSON NEO15 - 15,6"" FHD - i7-1195G7 - RAM 16Go - 512Go SSD - Windows 11H - Gris - AZERTY",THOMSON,512 GB,TH15I711-16GR512,,Intel Core i7-1195G7,"419,99",cdiscount.com,ORDINATEUR
,,,,,,,cdiscount.com,ORDINATEUR
,,,,,,,cdiscount.com,ORDINATEUR
"PC portable Gamer ERAZER Deputy P60i | Livré sans Windows -15,6"" FHD 144Hz -RTX 4060 - Core i5-12450H- RAM 16Go- 512Go SSD- AZERTY",ERAZER,SSD,30038061,,"Intel® Core™ i5-12450H (3,3GHz - 45W)","699,99",cdiscount.com,ORDINATEUR
"MacBook Pro 15,4"" Retina avec Touch Bar - Intel Core i7 - RAM 16Go - 512Go - Reconditionné",APPLE,,MR942FN/A,Oui,Intel Core i7 (8ème génération) 2.6 GHz,"588,97",cdiscount.com,ORDINATEUR
,,,,,,,cdiscount.com,ORDINATEUR
"PC Portable Gamer LENOVO LOQ 15ARP9 | Sans Windows - 15,6'' FHD 144Hz - R7 7435HS - RTX 4060 105W - RAM 16Go - SSD 512Go - AZERTY",LENOVO,512 Go,83JC001GFR,,Amd Ryzen 7 7435HS,"899,99",cdiscount.com,ORDINATEUR
"PC portable - 16.1""FHD+ - 24 Go de RAM 512 Go SSD Intel Celeron N95 (Jusqu'à 2,9 GHz) - Windows 11 PRO - WiFi6 - Ordinateur Portable",,,,,,"284,99",cdiscount.com,ORDINATEUR
"PC Portable Gamer LENOVO LOQ 15ARP9 | Sans Windows - 15,6'' FHD 144Hz - R7 7435HS - RTX 4060 105W - RAM 16Go - SSD 512Go - AZERTY",LENOVO,512 Go,83JC001GFR,,Amd Ryzen 7 7435HS,"899,99",cdiscount.com,ORDINATEUR
,,,,,,,cdiscount.com,ORDINATEUR
,,,,,,,cdiscount.com,ORDINATEUR
,,,,,,,cdiscount.com,ORDINATEUR
"NOTODD PC Portable 14"" FHD - 6Go RAM Stockage 256Go - Ordinateur portable Windows 11 - Celeron N4020 - WIFI - HDMI - Avec Souris",,SSD,,,Celeron N4020,"205,98",cdiscount.com,ORDINATEUR
,,,,,,,cdiscount.com,ORDINATEUR
,,,,,,,cdiscount.com,ORDINATEUR
NOTODD Ordinateur portable 14'' FHD - PC Portable Windows 11 - RAM 6Go Stockage 256Go SSD -Celeron N4020 - HDMI -Avec souris -,,SSD,,,Celeron N4020,"229,99",cdiscount.com,ORDINATEUR
,,,,,,,cdiscount.com,ORDINATEUR
,,,,,,,cdiscount.com,ORDINATEUR
PC Portable Gamer LENOVO Legion S5 16ARP9 | Sans Windows - 16'' WQXGA 165hz - Ryzen 7 7435HS - RTX 4070 140w - RAM 16Go - SSD 512Go,LENOVO,512GB SSD M.2 2242 PCIe® 4.0x4 NVMe®,GY50T26467,,AMD Ryzen™ 7 7435HS,"1279,99",cdiscount.com,ORDINATEUR
"PC Portable ASUS VivoBook 15 OLED S1504 | Sans Windows - 15,6"" FHD - AMD Ryzen 5 7520U - RAM 16Go - 1To SSD",ASUS,,90NB0ZR1-M02K60,Oui,AMD Ryzen 5 7520U / 2.8 GHz,"499,99",cdiscount.com,ORDINATEUR
"ACEMAGIC PC Portable 15,6"" IPS avec Intel N150 Processeur, Ordinateur Portable 16Go RAM 512Go SSD, Windows 11PRO, WiFi, BT, USB3.0",,512Go,,"L'écran IPS de 15,6 pouces, doté d'une résolution de 1920*1080",Intel Twin Lake-N150,"299,99",cdiscount.com,ORDINATEUR
,,,,,,,cdiscount.com,ORDINATEUR
"PC Portable Gamer HP Victus 16-s0085nf - Sans Windows - 16,1"" FHD 144Hz - RTX 4070 8Go - Ryzen 7-7840HS - 32Go - 512Go SSD - AZERTY",HP,,A94WREA#ABF,,AMD Ryzen™ 7 7840HS,"1329,99",cdiscount.com,ORDINATEUR
"PC Portable HP 17-cp0012nf - Windows 11 - 17,3"" FHD - Ryzen 5-5500U - RAM 16Go - Stockage 512Go SSD - AZERTY",HP,,A7JY3EA#ABF,,AMD Ryzen™ 5 5500U,"549,99",cdiscount.com,ORDINATEUR
"PC Portable LENOVO Yoga Slim 7 14APU8 | Windows 11 - 14"" OLED 2,9K 90hz - Ryzen 7 7840S - RAM 16 Go - SSD 512 Go - AZERTY",LENOVO,SSD 512 Go M.2 2280 PCIe® 4.0x4 NVMe®,83AA0010FR,,"AMD Ryzen™ 7 7840S (8C / 16T, 3.3 / 5.1GHz, 8MB L2 / 16MB L3)","879,99",cdiscount.com,ORDINATEUR
"PC Portable Gamer HP Victus 15-fb0202nf - Sans Windows - 15,6"" FHD 144Hz - RTX 3050 4Go - Ryzen 5-5600H - RAM 16Go - 512Go SSD",HP,,7M1V9EA#ABF,,AMD Ryzen™ 5 5600H,"549,99",cdiscount.com,ORDINATEUR
Ordinateur portable HP EliteBook 840 G3 - Core i5 - RAM 16 Go - SSD 500 Go - Windows 10 - Reconditionné - Très bon état,HP,,,,Intel Core i5,279,cdiscount.com,ORDINATEUR
"PC Portable HP 17-cn3003nf - 17,3"" HD+ - Core i3-N305 - RAM 8Go - Stockage 512Go SSD - Windows 11 - AZERTY",HP,,A14CSEA#ABF,Oui,"Intel® Core™ i3-N305 / 3,8 GHz","499,99",cdiscount.com,ORDINATEUR
PC Portable LENOVO IdeaPad Slim 3 15IAN8 | Windows 11 - 15'' FHD - Core i3-N305 - RAM 8 Go - SSD 512 Go - AZERTY,LENOVO,SSD 512 Go M.2 2242 PCIe® 4.0x4 NVMe®,82XB009MFR,,"Intel® Core™ i3-N305 (8C / 8T, 1.8 / 3.8GHz, 6MB)","379,99",cdiscount.com,ORDINATEUR
"PC Portable ASUS VivoBook 15 R1500 | Sans Windows - 15,6"" FHD - Intel Core i3 1215U - RAM 8Go - 1To SSD",ASUS,,90NB1022-M01X90,Oui,Intel Core i3 (12ème génération) 1215U / 1.2 GHz,"409,99",cdiscount.com,ORDINATEUR
"Auusda PC Portable 14,1''- Stockage 16Go+512Go - Intel Celeron N5105 - Ordinateur Portable Windows 11 - 2K- 2,4/5 GHz WiFI - Rose",,,,,Intel Celeron N5105,"295,99",cdiscount.com,ORDINATEUR
,,,,,,,cdiscount.com,ORDINATEUR
"PC Portable - 15.6""HD+ - 24 Go RAM 512 Go SSD- Celeron N5095 (2,9 GHz) - Rotation à 180°-  Windows 11 PRO",,,,Oui,Intel Celeron N5095,"299,99",cdiscount.com,ORDINATEUR
,,,,,,,cdiscount.com,ORDINATEUR
Ordinateur Portable - Lenovo - Thinkpad X240 - Core i3 1.9 GHz - 8 Go RAM - 500 Go HDD,LENOVO,,,,Intel Core i3 4030U 1.9 GHz,187,cdiscount.com,ORDINATEUR
"PC Portable HP 17-cn0019nf - Windows 11 - 17,3"" HD+ - Celeron N4120 - RAM 4Go - Stockage 128Go SSD - AZERTY",HP,,9P9A6EA#ABF,Oui,Intel® Celeron® N4120,"329,99",cdiscount.com,ORDINATEUR
"PC Portable HP 15s-eq2120nf - Windows 11 - 15,6"" FHD - Ryzen 5-5500U - RAM 8Go - Stockage 256Go - AZERTY",HP,,A80NDEA#ABF,,AMD Ryzen™ 5 5500U,"369,99",cdiscount.com,ORDINATEUR
,,,,,,,cdiscount.com,ORDINATEUR
"PC portable Gamer - ERAZER - DEPUTY P60 - 15,6” FHD 144Hz - i7-12650H - 16Go - SSD 512Go - RTX 4070 - livré Sans WINDOWS - AZERTY",ERAZER,SSD Phison 512G PS5019-E19 BICS5 M2 2280PCIe,30037111,Oui,"Intel i7-12650H 2,3GHz 45W SRMAT","899,99",cdiscount.com,ORDINATEUR
"PC Portable ASUS VivoBook Pro 15 OLED K6502 | Win 11 - 15,6'' 3K - RTX 3050 - Intel Core i5-13500H - RAM 16Go - 512Go SSD",ASUS,,90NB11K1-M00640,Oui,Intel Core i5-13500H / 2.6 GHz,"929,99",cdiscount.com,ORDINATEUR
"PC Portable LENOVO Ideapad Slim 3 15IRU9 | Windows 11 - 15,6"" FHD - Core 5 120U - RAM 16 Go - SSD 512 Go - AZERTY",LENOVO,512GB SSD M.2 2242 PCIe® 4.0x4 NVMe®,83E6003GFR,,"Intel® Core™ i5-120U (10C (2P + 8E) / 12T, P-core 1.4 / 5.0GHz, E-core 0.9 / 3.8GHz, 12MB)","559,99",cdiscount.com,ORDINATEUR
PC Portable LENOVO Ideapad 3 17ALC6 | Sans Windows - 17'' HD+ - Ryzen 7 5700U - RAM 12Go - SSD 512Go - AZERTY,LENOVO,SSD 512 Go M.2 2242 PCIe® 4.0x4 NVMe®,82KV00LPFR,,AMD Ryzen™ 5 5500U,"549,99",cdiscount.com,ORDINATEUR
NOTODD Ordinateur portable Windows 11 - PC Portable 14'' FHD - RAM 6Go Stockage 256Go SSD - Celeron N4020 - HDMI -Avec souris -,,SSD,,,Celeron N4020,"218,75",cdiscount.com,ORDINATEUR
,,,,,,,cdiscount.com,ORDINATEUR
"PC portable 16,1""-Intel Celeron N5095(4C/4T,Jusqu'à 3,0 GHz)-24Go RAM DDR4 512Go SSD-Windows 11PRO-WiFi5-Ordinateur Portable-AZERTY",,,,,Intel celeron N5095,"284,99",cdiscount.com,ORDINATEUR
,,,,,,,cdiscount.com,ORDINATEUR
,,,,,,,cdiscount.com,ORDINATEUR
"PC Portable ASUS VivoBook 17 S1704 | Win 11 - 17,3'' HD+ - Intel Core i3 1215U - RAM 8Go - 512Go SSD",ASUS,,90NB10F1-M00DX0,Oui,Intel Core i3 1215U / 1.2 GHz,"499,99",cdiscount.com,ORDINATEUR
"NOTODD PC Portable 14''- stockage 8+256 Go - Processeurs Intel Celeron N5095 - Ordinateur Portable Windows 11, Écran 2K, 4 cœurs",,SSD SATA M2,,,‎Intel Celeron N5095/2 GHz,"259,99",cdiscount.com,ORDINATEUR
,,,,,,,cdiscount.com,ORDINATEUR
,,,,,,,cdiscount.com,ORDINATEUR
,,,,,,,cdiscount.com,ORDINATEUR
HP EliteBook 850 G3 Core i5-6300U 16Go 512Go SSD 15.6'' W10P,HP,,,,,278,cdiscount.com,ORDINATEUR
"Apple - 13,6"" MacBook Air M3 (2024) - RAM 16Go - Stockage 512Go - Minuit - AZERTY",APPLE,512 Go,MXCV3FN/A,Oui,Apple M3,1319,cdiscount.com,ORDINATEUR
,,,,,,,cdiscount.com,ORDINATEUR
,,,,,,,cdiscount.com,ORDINATEUR
Ordinateur Portable HP EliteBook X360 1030 G2 - Core i7 - Ram 16Go - SSD 512Go - Windows 10 Pro,HP,,,,,299,cdiscount.com,ORDINATEUR
"PC portable 16""-Intel Core i5-8210Y(Jusqu'à 3,6 GHz)-16Go RAM DDR3 512Go SSD-Windows 11PRO-RJ45-Ordinateur Portable-AZERTY",,,,"16""",Intel core i5 8210Y,"349,99",cdiscount.com,ORDINATEUR
,,,,,,,cdiscount.com,ORDINATEUR
,,,,,,,cdiscount.com,ORDINATEUR
,,,,,,,cdiscount.com,ORDINATEUR
"Ecran 16' QHD+ (2560x1440), 16:10, 240 Hz - IPS,Processeur Intel® Core™ Ultra 7 155H (jusqu'à 4.8 Ghz) - NVIDIA® GeForce RTX™ 4070,R",MSI,,,,,"1399,99",cdiscount.com,ORDINATEUR
PC Portable 16 Pouces - Intel - N95 - 16Go RAM - 512Go SSD - Windows 11 Pro,,,,16 Pouces,Intel Turbo N95  (3.4 GHz),299,cdiscount.com,ORDINATEUR
"PC Portable HP 15-fd0064nf - Windows 11 - 15,6"" FHD - Core i3-N305 - RAM 8Go - Stockage 256Go SSD - AZERTY",HP,,9Z300EA#ABF,Oui,Intel® Core™ i3-N305,"409,99",cdiscount.com,ORDINATEUR
"PC Portable Gamer HP Victus 15-fb0233nf - Windows 11 - 15,6"" FHD - RTX 3050 4Go - Ryzen 5-5600H - RAM 16Go - 512Go SSD - AZERTY",HP,,A94WBEA#ABF,,AMD Ryzen™ 5 5600H,"799,99",cdiscount.com,ORDINATEUR
,,,,,,,cdiscount.com,ORDINATEUR
"PC Tablette 2 en 1 LENOVO Chromebook Duet 11M889 | Chrome OS - 10,95"" WUXGA - MTK Kompanio 838 - RAM 8 Go - SSD 128 Go - AZERTY",LENOVO,128GB eMMC 5.1,83HH000GFR,,MediaTek Kompanio 838,"429,99",cdiscount.com,ORDINATEUR
"PC Portable HP 17-cn0016nf - Windows 11 - 17,3"" HD+ - Celeron N4120 - RAM 8Go - Stockage 512Go SSD - AZERTY",HP,,9E312EA#ABF,Oui,Intel Celeron N4120,"429,99",cdiscount.com,ORDINATEUR
PC Portable LENOVO Ideapad Slim 3 16ABR8 | Windows 11 - 16'' WUXGA - Ryzen 5 7430U - RAM 16 Go - SSD 512Go - AZERTY,LENOVO,512GB SSD M.2 2242 PCIe® 4.0x4 NVMe®,82XR0096FR,,"AMD Ryzen™ 5 7430U (6C / 12T, 2.3 / 4.3GHz, 3MB L2 / 16MB L3)","529,99",cdiscount.com,ORDINATEUR
"PC portable - MEDION - E15223 MD62644 - 15,6"" FHD - Intel N100 - UHD Graphics - RAM 4 Go - 128Go - Windows 11",MEDION,128 Go,30038161,,"CPU Intel N100 3.4G 6W SRMDM 4 cœurs (Turbo 3,40GHz)","229,99",cdiscount.com,ORDINATEUR
,,,,,,,cdiscount.com,ORDINATEUR
Ordinateur Chromebook Plus LENOVO IdeaPad 3 14IAN8 | 14'' FHD - Intel i3 N305 - RAM 8 Go - SSD 128 Go - Chrome OS - AZERTY,LENOVO,,83BN002PFR,,Intel core i3-N305,"219,99",cdiscount.com,ORDINATEUR
"PC portable Gamer - ERAZER - CRAWLER E30e - 15,6""FHD - Intel i5 12450H - RAM 8Go - SSD 512Go - RTX 2050 - AZERTY - Sans OS",ERAZER,SSD,30036600,,Intel® Core™ Intel i5 Mobile 12450H,"499,99",cdiscount.com,ORDINATEUR
,,,,,,,cdiscount.com,ORDINATEUR
"PC Portable - KUU-16""FHD - 16 Go de RAM 512 Go SSD -Intel Alder Lake N 95 (3,4 GHz) - Windows 11 PRO",,,,Oui,Intel Alder Lake N95,"309,99",cdiscount.com,ORDINATEUR
,,,,,,,cdiscount.com,ORDINATEUR
PC Portable LENOVO IdeaPad Slim 3 15IAN8 | Windows 11 - 15'' FHD - Core i3-N305 - RAM 8 Go - SSD 512 Go - AZERTY,LENOVO,SSD 512 Go M.2 2242 PCIe® 4.0x4 NVMe®,82XB009MFR,,"Intel® Core™ i3-N305 (8C / 8T, 1.8 / 3.8GHz, 6MB)","379,99",cdiscount.com,ORDINATEUR
,,,,,,,cdiscount.com,ORDINATEUR
,,,,,,,cdiscount.com,ORDINATEUR
,,,,,,,cdiscount.com,ORDINATEUR
"PC portable Lenovo Gaming LOQ 15IAX9I 15,6"" Full HD 144 Hz Intel Core i5 24 Go RAM 512 Go SSD Intel Arc A530M TGP 95W Gris",LENOVO,,,,,"699,99",cdiscount.com,ORDINATEUR
,,,,,,,cdiscount.com,ORDINATEUR
PC Portable - KUU - Insoluxia 14 - Core i3-1115G4 - 16Go RAM - 512Go SSD - WiFi 6 - Win 11 Pro,,,,,Intel Core i3-1115G4,"369,99",cdiscount.com,ORDINATEUR
PC Portable Dell Latitude E7480 - Intel Core i5 - 8 Go -  500 HDD,DELL,,,,,249,cdiscount.com,ORDINATEUR
,,,,,,,cdiscount.com,ORDINATEUR
,,,,,,,cdiscount.com,ORDINATEUR
"MacBook Pro 13,3"" Retina avec Touch Bar - Intel Core i5 - RAM 8Go - 256Go SSD - Gris Sidéral - Reconditionné",APPLE,,MPXV2FN/A,Oui,Intel Core i5 (7ème génération) 3.1 GHz,"409,01",cdiscount.com,ORDINATEUR
Ordinateur portable HP EliteBook 840 G3 - Core i5 - RAM 16 Go - SSD 500 Go - Windows 10 - Reconditionné - Très bon état,HP,,,,Intel Core i5,279,cdiscount.com,ORDINATEUR
"Pc portable Lenovo L530 - i5 - 8Go - 240Go SSD - 15,6'' - W10",LENOVO,,,,Intel Core i5,169,cdiscount.com,ORDINATEUR
"Ordinateur Portable - OUZRS - 15,6'' - 16 Go RAM - 256 Go SSD - Windows 11 Pro",,,,"15,6",,"245,66",cdiscount.com,ORDINATEUR
,,,,,,,cdiscount.com,ORDINATEUR
PC Portable LENOVO IdeaPad 1 15ALC7 | Sans Windows - 15'' FHD IPS - Ryzen 7 5700U - RAM 16 Go - SSD 512 Go - AZERTY,LENOVO,SSD,82R400JNFR,,AMD Ryzen™ 7 5700U,"449,99",cdiscount.com,ORDINATEUR
"PC Portable HP 15s-fq5035nf - Windows 11 - 15,6"" FHD - Core i5-1235U - RAM 16Go - Stockage 1To SSD - AZERTY",HP,,9Z302EA#ABF,Oui,Intel® Core™ i5-1235U,"679,99",cdiscount.com,ORDINATEUR
"ACEMAGIC Ordinateur Portable - PC Portable Double Écran, Pliable à 360°,14""FHD RAM 16Go DDR4 1To SSD, Intel Core i7-1255U 4,70 GHz",,1To,,"14""*2 IPS 16:9 1920*1080 60HZ",Intel® Core™ i7-1255U,"859,99",cdiscount.com,ORDINATEUR
PC Portable LENOVO IdeaPad 1 15ALC7 | Sans Windows - 15'' FHD IPS - Ryzen 5 5500U - RAM 16 Go - SSD 512 Go - AZERTY,LENOVO,SSD,82R400JMFR,,AMD Ryzen™ 5 5500U,"429,99",cdiscount.com,ORDINATEUR
,,,,,,,cdiscount.com,ORDINATEUR
"PC Portable Gamer HP Victus 15-fb2030nf - Sans Windows - 15,6"" FHD 144Hz - RTX 4060 8Go - Ryzen 5-8645HS - 16Go - 512Go SSD - AZERTY",HP,,A94WLEA#ABF,,AMD Ryzen™ 5 8645HS,"859,99",cdiscount.com,ORDINATEUR
,,,,,,,cdiscount.com,ORDINATEUR
,,,,,,,cdiscount.com,ORDINATEUR
"PC Portable HP 17-cn0019nf - Windows 11 - 17,3"" HD+ - Celeron N4120 - RAM 4Go - Stockage 128Go SSD - AZERTY",HP,,9P9A6EA#ABF,Oui,Intel® Celeron® N4120,"369,99",cdiscount.com,ORDINATEUR
"Ordinateur portable | 17,3 pouces HD+ - Intel N5095 (2,9GHz) - RAM 16 Go - SSD 512 Go - Windows11Pro - Avec souris - AZERTY",,SSD,,Oui,Intel N5095,"369,69",cdiscount.com,ORDINATEUR
"PC Portable ASUS VivoBook 15 OLED S1504 | Win 11 - 15,6'' FHD - AMD Ryzen 5 7520U - RAM 16Go - 512Go SSD",ASUS,,90NB0ZR1-M01Y30,Oui,AMD Ryzen 5 7520U / 2.8 GHz,"569,99",cdiscount.com,ORDINATEUR
PC Portable LENOVO IdeaPad Slim 3 15IRH8 | Sans Windows - 15'' FHD IPS - Core i7-13620H - RAM 16 Go - SSD 1 To - AZERTY,LENOVO,SSD,83EM005PFR,,Intel® Core™ i7-13620H,"599,99",cdiscount.com,ORDINATEUR
"PC Portable LENOVO Ideapad Slim 3 15IRU9 | Sans Windows -15,6"" FHD - Core 5 120U - RAM 16 Go - SSD 512 Go - AZERTY",LENOVO,512GB SSD M.2 2242 PCIe® 4.0x4 NVMe®,83E6003FFR,,"Intel® Core™ i5-120U (10C (2P + 8E) / 12T, P-core 1.4 / 5.0GHz, E-core 0.9 / 3.8GHz, 12MB)","529,99",cdiscount.com,ORDINATEUR
PC Portable LENOVO Ideapad Slim 3 16IAH8 | Sans Windows - 16'' WUXGA - Core i5-12450H - RAM 16 Go - SSD 512 Go - AZERTY,LENOVO,512GB SSD M.2 2242 PCIe® 4.0x4 NVMe®,83ES003EFR,,"Intel® Core™ i5-12450H, 8C (4P + 4E) / 12T, P-core 2.0 / 4.4GHz, E-core 1.5 / 3.3GHz, 12MB","499,99",cdiscount.com,ORDINATEUR
"PC Portable HP 15-fc0071nf - Windows 11 - 15,6"" FHD - Ryzen 5-7520U - RAM 16Go - Stockage 512Go SSD - AZERTY",HP,,7Y0M7EA#ABF,Oui,AMD Ryzen 5-7520U,"549,99",cdiscount.com,ORDINATEUR
,,,,,,,cdiscount.com,ORDINATEUR
"PC Portable 16 pouces ,512 Go SSD- 16 Go RAM   Celeron N100  - Windows 11 Pro Ordinateur Portable,AZERTY,Clavier rétro-éclairé",,,,,CPU Celeron Dual-Core Turbo 3.4 GHz 4M Cache,"299,66",cdiscount.com,ORDINATEUR
"Ordinateur Portable - MARQUE - Modèle - 15,6'' - 16 Go DDR4 - 256 Go SSD - Windows 11 Pro",,,,"15,6",,"245,66",cdiscount.com,ORDINATEUR
"PC Portable ACER Chromebook 314 CB314-2H-K04F - 14"" FHD - MTK MT8183 - RAM 4Go - Stockage 32Go - Chrome OS - AZERTY",ACER,,NX.AWFEF.00D,Oui,MTK MT8183,"249,99",cdiscount.com,ORDINATEUR
"PC Portable ASUS VivoBook 17 S1704 | Win 11 - 17,3'' HD+ - Intel Core i5 1235U - RAM 16Go - 512Go SSD",ASUS,,90NB10F1-M00A20,Oui,Intel Core i5 1235U / 1.3 GHz,"669,99",cdiscount.com,ORDINATEUR
"PC portable 15.6""-Intel core i7-1060NG7(Jusqu'à 3,8 GHz)-16Go RAM DDR4 512Go SSD-Windows 11PRO-WiFi5-Ordinateur Portable",,SSD,,Oui,Intel I7-1060NG7,"398,99",cdiscount.com,ORDINATEUR
,,,,,,,cdiscount.com,ORDINATEUR
"PC portable-15,6""FHD-16 Go RAM 256 Go SSD, Intel Celeron N4000 (2,6 GHz)-Windows 11 PRO-Ordinateur portable-souris-Argent-AZERTY",,,,"15,6 Pouces","Intel Celeron N4000 (2,6 GHz)","244,99",cdiscount.com,ORDINATEUR
"PC Portable HP 14s-dq0020nf - Windows 11 - 14"" HD - Celeron N4120 - RAM 4Go - Stockage 64Go - AZERTY",HP,,B0BP0EA#ABF,,Intel® Celeron® N4120,"249,99",cdiscount.com,ORDINATEUR
,,,,,,,cdiscount.com,ORDINATEUR
,,,,,,,cdiscount.com,ORDINATEUR
Dell - Ordinateur portable-Dell Latitude  - 512Go SSD - Intel core i5-8250U - 1.60GHz - 16Go (16384Mo)-Reconditionné,DELL,,,,,295,cdiscount.com,ORDINATEUR
,,,,,,,cdiscount.com,ORDINATEUR
,,,,,,,cdiscount.com,ORDINATEUR
"Ordinateur portable HP Victus 15fb2032 15.6' FHD avec AMD Ryzen 5 7735HS, 16 Go de RAM DDR5, SSD 512 Go",HP,,,,,"699,99",cdiscount.com,ORDINATEUR
,,,,,,,cdiscount.com,ORDINATEUR
,,,,,,,cdiscount.com,ORDINATEUR
,,,,,,,cdiscount.com,ORDINATEUR
"PC Portable - Dell Latitude E7270 - 12""  Core i5 - 8Go RAM - 256Go SSD - Windows 10 Pro - Reconditionné Etat Correct",DELL,,,,Intel Core i5-6300U,199,cdiscount.com,ORDINATEUR
PC Portable LENOVO Ideapad Slim 3 16IAH8 | Windows 11 - 16'' WUXGA - Core i5-12450H - RAM 16 Go - SSD 512Go - AZERTY,LENOVO,512GB SSD M.2 2242 PCIe® 4.0x4 NVMe®,83ES003DFR,,"Intel® Core™ i5-12450H, 8C (4P + 4E) / 12T, P-core 2.0 / 4.4GHz, E-core 1.5 / 3.3GHz, 12MB","599,99",cdiscount.com,ORDINATEUR
,,,,,,,cdiscount.com,ORDINATEUR
PC Portable Chromebook LENOVO IdeaPad Slim 3 14M868 | Chrome OS - 14'' FHD Tactile - MT8186 - RAM 8Go - Stockage 128Go - AZERTY,LENOVO,128GB eMMC 5.1,82XJ0044FR,,MediaTek Kompanio 520,"299,99",cdiscount.com,ORDINATEUR
,,,,,,,cdiscount.com,ORDINATEUR
PC Portable ASUS VivoBook 14 S1405 | Win 11 - 14'' WUXGA - Intel Core i7 1355U - RAM 16Go - 1To SSD,ASUS,,90NB10M1-M00DF0,Oui,Intel Core i7 1355U / 1.7 GHz,"799,99",cdiscount.com,ORDINATEUR
,,,,,,,cdiscount.com,ORDINATEUR
"Ordinateur Portable - MARQUE - Modèle - 15,6'' - 16 Go DDR4 - 256 Go SSD - Windows 11 Pro",,,,"15,6",,"245,66",cdiscount.com,ORDINATEUR
,,,,,,,cdiscount.com,ORDINATEUR
"Ordinateur Portable - OUZRS - 15,6'' FHD - 16 Go RAM - 256 Go SSD - Windows 11 Pro",,,,"15,6",,"245,66",cdiscount.com,ORDINATEUR
,,,,,,,cdiscount.com,ORDINATEUR
Ordinateur portable - HP - EliteBook 840 G3 - Core i5 - RAM 16Go - SSD 500Go - Reconditionné Etat correct,HP,500 go SSD,,,"Intel Core i5-6200U 2,3 GHz","227,99",cdiscount.com,ORDINATEUR
Ordinateur Portable HP 840 G3 - Core i5 - RAM 16Go - SSD 480Go - Windows 10 - Reconditionné - Très bon état,HP,,,,Intel Core i5 6200U,285,cdiscount.com,ORDINATEUR
"PC Portable HP 15s-eq2090nf - Windows 11 - 15,6"" FHD - Ryzen 7-5700U - RAM 16Go - Stockage 512Go SSD - AZERTY",HP,,6V2T3EA#ABF,Oui,AMD Ryzen 7-5700U,"549,99",cdiscount.com,ORDINATEUR
"Ordinateur portable Gigabyte G6X avec écran 16' FHD+ 165Hz, processeur i7-13650HX, carte graphique 4060, 16Go de RAM et SSD 1To.",GIGABYTE,,,,,"1156,98",cdiscount.com,ORDINATEUR
,,,,,,,cdiscount.com,ORDINATEUR
,,,,,,,cdiscount.com,ORDINATEUR
,,,,,,,cdiscount.com,ORDINATEUR
PC Portable Chromebook Plus LENOVO IdeaPad 3 14IAN8 | Chrome OS - 14'' FHD - Core i3-N305 - RAM 8Go - Stockage 128Go - AZERTY,LENOVO,128 Go,83BN002PFR,,Intel Core i3-N305,"299,99",cdiscount.com,ORDINATEUR
,,,,,,,cdiscount.com,ORDINATEUR
,,,,,,,cdiscount.com,ORDINATEUR
,,,,,,,cdiscount.com,ORDINATEUR
"PC portable Lenovo Yoga Slim 7x 14Q8X9 14,5"" Copilot+ Snapdragon® X Plus 32 Go RAM 512 Go SSD Bleu",LENOVO,,,,,"1199,99",cdiscount.com,ORDINATEUR
"PC Portable 2-en-1 - KUU - 14"" FHD Tactile - Intel Core i3-1315U - RAM 16Go - SSD 512Go",,,,,Intel Core i3-1315U,"549,99",cdiscount.com,ORDINATEUR
"PC Portable Notebook - THOMSON NEO15 - 15,6"" FHD - Core i3-10110U - RAM 8Go - 256Go SSD - Windows 11 - Noir - AZERTY",THOMSON,256 GB,TH15I310-8GR256,,Intel Core i3-10110U,"289,99",cdiscount.com,ORDINATEUR
,,,,,,,cdiscount.com,ORDINATEUR
Pc portable Dell E5540 - i5-4300U - 8 Go -500Go SSD-Windows 10,DELL,,,,Intel Core i5,249,cdiscount.com,ORDINATEUR
Ordinateur Portable HP 6470B - Core i5 - RAM 8Go - HDD 320Go - Windows 10 - Reconditionné - Etat correct,HP,,,,Intel Core i5 3340M,169,cdiscount.com,ORDINATEUR
PC Portable LENOVO X240 - i5 1.6Ghz 8Go DDR3 480Go SSD WIFI W10Pro,LENOVO,,,,,"189,98",cdiscount.com,ORDINATEUR
,,,,,,,cdiscount.com,ORDINATEUR
PC Portable LENOVO IdeaPad Slim 5 14ABR8 | Sans Windows - 14'' FHD IPS - Ryzen 7 7730U - RAM 8 Go - SSD 512 Go - AZERTY,LENOVO,512GB SSD M.2 2242 PCIe® 4.0x4 NVMe®,82XE00AEFR,,"AMD Ryzen™ 7 7730U (8C / 16T, 2.0 / 4.5GHz, 4MB L2 / 16MB L3)","429,99",cdiscount.com,ORDINATEUR
,,,,,,,cdiscount.com,ORDINATEUR
,,,,,,,cdiscount.com,ORDINATEUR
"PC portable Hp Laptop 17-cn0021nf 17,3"" HD+ Intel Celeron N4120 RAM 8 Go SSD M.2 256 Go Intel UHD Graphics",HP,,9X911EA#ABF,,,"349,99",cdiscount.com,ORDINATEUR
PC Portable LENOVO Ideapad Slim 3 16ABR8 | Sans Windows - 16'' WUXGA -  Ryzen 5 7430U - RAM 16 Go - SSD 512 Go - AZERTY,LENOVO,SSD 512 Go M.2 2242 PCIe® 4.0x4 NVMe®,82XR0097FR,,"AMD Ryzen™ 5 7430U (6C / 12T, 2.3 / 4.3GHz, 3MB L2 / 16MB L3)","547,99",cdiscount.com,ORDINATEUR
,,,,,,,cdiscount.com,ORDINATEUR
,,,,,,,cdiscount.com,ORDINATEUR
"Pc portable Lenovo X240 - i5 - 8Go - 240 Go SSD - 12,5'' - W10",LENOVO,,,,Intel Core i5,229,cdiscount.com,ORDINATEUR
,,,,,,,cdiscount.com,ORDINATEUR
HP EliteBook 830 G6,HP,,,,,"244,99",cdiscount.com,ORDINATEUR
,,,,,,,cdiscount.com,ORDINATEUR
,,,,,,,cdiscount.com,ORDINATEUR
,,,,,,,cdiscount.com,ORDINATEUR
Ordinateur Portable -RAM 8Go +  256Go- PC Portable 14 pouces Full HD - Windows11 - Celeron N4020 - HDMI -Argent,,256 Go SSD,,14 pouces,,"227,99",cdiscount.com,ORDINATEUR
Ordinateur Portable HP EliteBook X360 1030 G2 - Core i5 - Ram 8Go - SSD 256Go - Windows 10,HP,,,,Intel Core i5,229,cdiscount.com,ORDINATEUR
,,,,,,,cdiscount.com,ORDINATEUR
ORDINATEUR PORTABLE DELL LATITUDE E6410 8GO 480GO SSD,DELL,480GB SSD,DELL E6410 520M 8 480S SW B,,Intel Core i5 2.4 GHz,206,cdiscount.com,ORDINATEUR
PC portable HP EliteBook 8470P - Intel Core i5-3360M - 4Go - 320Go - Windows 10,HP,320 Go,,,,174,cdiscount.com,ORDINATEUR
"Ordinateur Portable 15,6"" FHD,12 Go RAM 256 Go SSD, Intel Celeron Notebook 2.6Ghz,PC Portable Windows 11 PRO-souris-Argent-AZERTY",,,,"15,6 Pouces","Intel Celeron N4000 (2,6 GHz)","244,99",cdiscount.com,ORDINATEUR
PC Portable LENOVO Ideapad Slim 3 16ABR8 | Windows 11 - 16'' WUXGA - Ryzen 5 7430U - RAM 16 Go - SSD 512Go - AZERTY,LENOVO,512GB SSD M.2 2242 PCIe® 4.0x4 NVMe®,82XR0096FR,,"AMD Ryzen™ 5 7430U (6C / 12T, 2.3 / 4.3GHz, 3MB L2 / 16MB L3)","529,99",cdiscount.com,ORDINATEUR
,,,,,,,cdiscount.com,ORDINATEUR
,,,,,,,cdiscount.com,ORDINATEUR
,,,,,,,cdiscount.com,ORDINATEUR
,,,,,,,cdiscount.com,ORDINATEUR
"PC Portable ACEMAGIC - 16"" FHD - 16Go DDR4,512Go SSD - Intel 12th N97(jusqu'à 3,60 GHz), UHD Graphics,1.2GHZ - WiFi,USB 3.2, Type C",,512Go,,"IPS 1920*1200  16""  16:10","Intel Quad-Core N97(Jusqu'à 3,6 GHz)","286,99",cdiscount.com,ORDINATEUR
PC Portable LENOVO IdeaPad 1 15ALC7 | Windows 11 - 15'' FHD - Ryzen 5 5500U - RAM 8 Go - SSD 256 Go - AZERTY,LENOVO,SSD,82R400K8FR,,AMD Ryzen™ 5 5500U,"449,99",cdiscount.com,ORDINATEUR
,,,,,,,cdiscount.com,ORDINATEUR
"Pc Portable LENOVO T420 - i5 2.4Ghz 8Go 240Go SSD 14""",LENOVO,,,,Intel Core i5,174,cdiscount.com,ORDINATEUR
,,,,,,,cdiscount.com,ORDINATEUR
"PC Portable Gamer ASUS TUF Gaming A17 | Sans Windows - 17,3"" FHD 144Hz - RTX 4060 8Go - AMD Ryzen 7 7435HS - RAM 16Go - 512Go SSD",ASUS,,90NR0JJ6-M000W0,Oui,AMD Ryzen 7 7435HS / 3.1 GHz,"1079,99",cdiscount.com,ORDINATEUR
,,,,,,,cdiscount.com,ORDINATEUR
,,,,,,,cdiscount.com,ORDINATEUR
,,,,,,,cdiscount.com,ORDINATEUR
,,,,,,,cdiscount.com,ORDINATEUR
,,,,,,,cdiscount.com,ORDINATEUR
"PC Portable ACEMAGIC 15.6"" Intel Twin Lake N150 Jusqu'à 3,6GHz, 16Go RAM 512Go SSD, Ordinateur Portable Windows 11 pro",,512Go,,‎15.6 Pouces,Intel N150,"299,9",cdiscount.com,ORDINATEUR
"PC Portable HP 17-cp0027nf - Windows 11 - 17,3"" FHD - Ryzen 7-5700U - RAM 16Go - Stockage 512Go SSD - AZERTY",HP,,9E313EA#ABF,Oui,AMD Ryzen 7 5700U,"659,99",cdiscount.com,ORDINATEUR
"PC portable - MEDION - E15223 MD62644 - 15,6"" FHD - Intel N100 - UHD Graphics - RAM 4 Go - 128Go - Windows 11",MEDION,128 Go,30038161,,"CPU Intel N100 3.4G 6W SRMDM 4 cœurs (Turbo 3,40GHz)","229,99",cdiscount.com,ORDINATEUR
"PC portable Gamer -MSI -Katana 15 B13VFK-2233FR -15,6” FHD 144Hz- Intel  i5-13420H- RAM 16Go- 512Go SSD- RTX 4060 8Go -Win 11 AZERTY",MSI,SSD,9S7-158571-2233,,Intel® Core™ i5-13420H de 13ème génération,"999,99",cdiscount.com,ORDINATEUR
,,,,,,,cdiscount.com,ORDINATEUR
,,,,,,,cdiscount.com,ORDINATEUR
PC portable HP EliteBook 8440P - Intel Core i5-520M - 4Go - 250Go - Windows 10,HP,250 Go,,,,174,cdiscount.com,ORDINATEUR
Ordinateur Portable - HP - ProBook 6470B - Intel Core i5 - 8 Go RAM - HDD 500 Go,HP,,,,,216,cdiscount.com,ORDINATEUR
,,,,,,,cdiscount.com,ORDINATEUR
"PC Portable LENOVO - IdeaPad 1 15IGL7 - 15,6"" FHD - Celeron N4500 - RAM 4 Go - 128Go - W11 + 1 an Office - AZERTY - Bleu",LENOVO,128GB eMMC 5.1,82LX009YFR,,"Intel® Celeron® N4500 (2C / 2T, 1.1 / 2.8GHz, 4MB L3)","263,52",cdiscount.com,ORDINATEUR
Pc portable Lenovo T460 - i5 6300U - 8Go - 240Go SSD - W10,LENOVO,,,,Intel Core i5,289,cdiscount.com,ORDINATEUR
"Ordinateur Portable ACEMAGIC - 16"" FHD - Intel Alder Lake N97 - 16Go DDR4,512Go SSD - WiFi, BT5.0, Gris",,512Go,,‎16 Pouces,Intel Alder Lake-N97,"286,9",cdiscount.com,ORDINATEUR
"Apple - 13,6"" MacBook Air M3 (2024) - RAM 16Go - Stockage 512Go - Gris Sidéral - AZERTY",APPLE,512 Go,MXCR3FN/A,Oui,Apple M3,1329,cdiscount.com,ORDINATEUR
"DELL Latitude 5410 - PC Portable Intel® Core™ i5 10310U - 32 Go RAM - 1 To SSD NVMe - 14"" F.HD LED - Windows 11 Pro 64 bits",DELL,,,,,399,cdiscount.com,ORDINATEUR
Ordinateur portable - HP Inc. - HP Portable 840 G11 - Intel Core Ultra 5 - 16 Go RAM - 512 Go SSD,HP,,970T7ET#ABF,,,"1474,26",cdiscount.com,ORDINATEUR
"PC Portable - LENOVO - X250 - i5 2.2Ghz - 4Go RAM - 128Go SSD - 12.5"" écran",LENOVO,,,,Intel Core i5,214,cdiscount.com,ORDINATEUR
,,,,,,,cdiscount.com,ORDINATEUR
,,,,,,,cdiscount.com,ORDINATEUR
,,,,,,,cdiscount.com,ORDINATEUR
,,,,,,,cdiscount.com,ORDINATEUR
"PC Portable Gamer -MSI -Katana A15 AI B8VG-484XFR -15,6"" FHD 144Hz -Ryzen 7-8845HS -RAM 16Go -512Go SSD -RTX 4070 8Go -Sans Windows",MSI,SSD,9S7-158N31-484,,AMD Ryzen™ 7 8845HS,"1299,99",cdiscount.com,ORDINATEUR
"PC Portable HP Pavilion 15-eg2003nf - Windows 11 - 15,6"" FHD - Core i7-1255U - RAM 16Go - Stockage 512Go SSD - AZERTY",HP,,A7JY0EA#ABF,,Intel® Core™ i7-1255U,"799,99",cdiscount.com,ORDINATEUR
"PC portable Notebook - THOMSON - NEO15 - 15,6'' FHD - Intel Core i7-1165G7 - RAM : 8Go - Stockage : 512Go SSD - Windows 11 - AZERTY",THOMSON,SSD,N15I711-8GR512,Non,Intel Core i7-1165G7,"399,99",cdiscount.com,ORDINATEUR
"PC Portable HP 15s-eq2120nf - Windows 11 - 15,6"" FHD - Ryzen 5-5500U - RAM 8Go - Stockage 256Go - AZERTY",HP,,A80NDEA#ABF,,AMD Ryzen™ 5 5500U,"529,99",cdiscount.com,ORDINATEUR
Ordinateur portable HP EliteBook 8440P - Intel Core i5-520M - 2Go RAM - 250Go HDD - 14 pouces - Windows 10,HP,,,,,174,cdiscount.com,ORDINATEUR
"Pc portable Lenovo X240 - i5 - 8Go - 240 Go SSD - 12,5'' - W10",LENOVO,,,,Intel Core i5,239,cdiscount.com,ORDINATEUR
"Pc portable Lenovo X260 - i5 - 8Go - 240Go SSD - 12,5''- Linux",LENOVO,,,,Intel Core i5,269,cdiscount.com,ORDINATEUR
"PC portable Acer Aspire 3 A317 54 522N 17,3"" Intel® Core™ i5 8 Go RAM 512 Go SSD Gris",ACER,,,,,"529,99",cdiscount.com,ORDINATEUR
,,,,,,,cdiscount.com,ORDINATEUR
,,,,,,,cdiscount.com,ORDINATEUR
,,,,,,,cdiscount.com,ORDINATEUR
,,,,,,,cdiscount.com,ORDINATEUR
"Ordinateur portable ASUS VivoBook avec écran FHD 15.6', processeur AMD Ryzen 7 5800H, 16GB de RAM et 1 To de stockage SSD.",ASUS,,,,,"691,31",cdiscount.com,ORDINATEUR
Ordinateur portable HP ProBook 650 G1 - Core i5...,HP,,F1P86ET#ABF,Oui,Intel Core i5 (4ème génération) 4210M / 2.6 GHz,"177,59",cdiscount.com,ORDINATEUR
"Ordinateur Portable - Intel - N95 - 16"" FHD - 16 Go RAM - 512 Go SSD - WiFi 6 - Windows 11",,,,16 Pouces,Intel Turbo N95  (3.4 GHz),296,cdiscount.com,ORDINATEUR
Ordinateur Portable Dell Latitude 5410 - Core i5 1.7 Ghz - RAM 8 Go - SSD 256 Go,DELL,,,,,336,cdiscount.com,ORDINATEUR
LENOVO Ordinateur portable 15.6'' FullHD I7 16Go 1To SSD Win11Pro IP3 SLIM,LENOVO,,,,Intel Core i7-13620H,898,cdiscount.com,ORDINATEUR
,,,,,,,cdiscount.com,ORDINATEUR
,,,,,,,cdiscount.com,ORDINATEUR
"Ordinateur Portable ACEMAGIC, 16.1"" FHD, AMD Ryzen 7 5825U, RAM 16Go DDR4, 512Go SSD, Windows 11, Gris",,512Go,,,AMD Ryzen™ 7 5825U,"479,9",cdiscount.com,ORDINATEUR
"PC Portable HP 17-cp2042nf - Windows 11 - 17,3"" FHD - Ryzen 5-7520U - RAM 16Go - Stockage 512Go - AZERTY",HP,,B13VCEA#ABF,,AMD Ryzen™ 5 7520U,"589,99",cdiscount.com,ORDINATEUR
"PC portable Lenovo Pack FNAC-DARTY IDEAPAD SLIM 3 14IAH8 14"" FHD INTEL CORE I5-12450H (jusqu'à 4,4GHz) RAM 16 GO LPDDR5 512 GO SSD P",LENOVO,,,,,"623,99",cdiscount.com,ORDINATEUR
,,,,,,,cdiscount.com,ORDINATEUR
,,,,,,,cdiscount.com,ORDINATEUR
,,,,,,,cdiscount.com,ORDINATEUR
"Ordinateur portable HP EliteBook 830 G11 avec Intel Core Ultra 5, 16Go RAM, 512Go SSD, écran 13.3p WUXGA et Windows 11 Pro.",HP,,8A4U8EA#ABF,,,"1356,58",cdiscount.com,ORDINATEUR
,,,,,,,cdiscount.com,ORDINATEUR
,,,,,,,cdiscount.com,ORDINATEUR
Apple MacBook Air (2013) Intel Core i5 - 1.3 Ghz Stockage 128 SSD - Reconditionné Etat Correct,APPLE,,,,,"250,01",cdiscount.com,ORDINATEUR
,,,,,,,cdiscount.com,ORDINATEUR
"HP EliteBook 840 G7 - PC Portable Intel® Core™ i5 10310U - 32 Go RAM - 1 To SSD NVMe - 14"" F.HD LED - Windows 11 Pro 64 bits",HP,,,,,465,cdiscount.com,ORDINATEUR
,,,,,,,cdiscount.com,ORDINATEUR
"PC portable 15,6""-NVIDIA MX330 Graphique-Intel Alder Lake N95(jusqu'à 3,4GHz)-16Go DDR4 RAM 512 Go SSD -Ordinateur Portable AZERTY",,,,,Intel Alder Lake N95,"322,99",cdiscount.com,ORDINATEUR
,,,,,,,cdiscount.com,ORDINATEUR
LENOVO Ordinateur portable 17.3'' FHD Ryzen7 8Go 512Go SSD Win11Pro IP3,LENOVO,,,,AMD Ryzen 7 5700U,695,cdiscount.com,ORDINATEUR
Ordinateur portable - LENOVO - IP3 - 17.3'' - Ryzen 5 - 8Go RAM - 512Go SSD - Windows 11 Pro,LENOVO,,,,AMD Ryzen 5 5500U,579,cdiscount.com,ORDINATEUR
,,,,,,,cdiscount.com,ORDINATEUR
,,,,,,,cdiscount.com,ORDINATEUR
"PC Portable - HP - Laptop 15s-fq5023nf - 15.6"" FHD - Intel Core i5 1235U - 16 Go RAM - 512 Go SSD",HP,,8Q4M5EA#ABF,"Écran Full HD 15,6"" (1920 x 1080), IPS, micro-bord","Processeur Intel Core i5-1235U (jusqu’à 4,4 GHz) - Puce graphique Intel intégrée","549,99",cdiscount.com,ORDINATEUR
"Ordinateur portable - conception inclinable - ASUS - ASUS ExpertBook B7 Flip B7402FBA-LA0349X - 14"" - Intel Core i5 1240P - vPro Es",ASUS,,90NX04V1-M00CK0,,,"1166,06",cdiscount.com,ORDINATEUR
"PC Portable Auusda 15.6"" HD Intel Alder Lake-N95 - RAM 16Go - Stockage 512Go SSD ,Bluetooth 4.2 - 8000mAh - Windows 11 - Gris",,SSD,,Oui,Intel Alder Lake-N95,"285,99",cdiscount.com,ORDINATEUR
,,,,,,,cdiscount.com,ORDINATEUR
Ordinateur Portable HP Elitebook 840G6 - Core i5 1.6 Ghz - RAM 16 Go - SSD 512 Go,HP,SSD,,,Intel Core i5 8365U,380,cdiscount.com,ORDINATEUR
,,,,,,,cdiscount.com,ORDINATEUR
,,,,,,,cdiscount.com,ORDINATEUR
,,,,,,,cdiscount.com,ORDINATEUR
"PC Portable,AMD Ryzen 9 6900HX Zen 3+(8C-16T, jusqu'à 4,9 GHz) 16Go DDR5,512Go SSD,WiFi 6 Ordinateur Portable avec AMD Radeon 680M",,,,Oui,AMD Ryzen™ 9 6900HX  to 4.9 GHz,"550,99",cdiscount.com,ORDINATEUR
"MacBook Air 13,3"" Retina - Intel Core i5 - RAM 8Go - 128Go SSD - Gris Sidéral",APPLE,,MRE82FN/A,Oui,Intel Core i5 (8ème génération) 1.6 GHz,"409,02",cdiscount.com,ORDINATEUR
,,,,,,,cdiscount.com,ORDINATEUR
,,,,,,,cdiscount.com,ORDINATEUR
,,,,,,,cdiscount.com,ORDINATEUR
"APPLE MacBook Air 13"" 2017 i5 - 1,8 Ghz - 8 Go RAM - 256 Go SSD - Gris - Reconditionné - Excellent état",APPLE,,MQD42LL/A,Oui,Intel Core i5 (5ème génération) 1.8 GHz,335,cdiscount.com,ORDINATEUR
"PC Portable 15,6''FullView-Intel® Core™ i9-8950HK(6C-12T, jusqu'à 4,8 GHz)-32 Go RAM 1 To SSD-Windows11 Pro-Ordinateur Portable Gris",,,,Oui,i9-8950HK (Max to 4.8Ghz) 6cores,"550,99",cdiscount.com,ORDINATEUR
"PC portable - HP - EliteBook x360 1030 G2 - 13,3"" - Reconditionné - Très bon état",HP,256 Go,ELITEBOOKX3601030G213325GHZ8GO256GOGRISCOREI5-7200U,,,299,cdiscount.com,ORDINATEUR
"MacBook Pro 15,4"" Retina avec Touch Bar - Intel Core i7 - RAM 16Go - 256Go SSD - Gris Sidéral",APPLE,,MPTR2FN/A,Oui,Intel Core i7 (7ème génération) 2.8 GHz,"518,98",cdiscount.com,ORDINATEUR
"PC Portable Gamer ERAZER BEAST X40 - 17,3” QHD 240Hz - i9-14900HX - 32Go - SSD 1To + HDD 1To - RTX 4090 - AZERTY",ERAZER,SSD 1To + HDD 1To,30037595,Oui,Intel Core i9-14900HX,"2989,99",cdiscount.com,ORDINATEUR
Gigabyte G6 MF-H2FR854KH - Intel Core i7-13620H 16 Go SSD 1 To 16' LED Full HD+ 165 Hz NVIDIA GeForce RTX 4050 6 Go DLSS 3 Wi-Fi 6E/,GIGABYTE,,,,,"1024,99",cdiscount.com,ORDINATEUR
,,,,,,,cdiscount.com,ORDINATEUR
,,,,,,,cdiscount.com,ORDINATEUR
,,,,,,,cdiscount.com,ORDINATEUR
"APPLE MacBook Pro 13"" A1278 - Ordinateur portable - Core 2 Duo - RAM 4 Go - Stockage 500 Go - Clavier AZERTY - Reconditionné",APPLE,,,,,279,cdiscount.com,ORDINATEUR
HP 15-fd0059nf Intel Core i3-N305 15.6p FHD 8Go DDR4 1DM 3200 512Go PCIe Value Intel UHD Graphics W11H,HP,,9S940EA#ABF,,,"490,9",cdiscount.com,ORDINATEUR
"PC Portable KUU - Yepbook Pro - 15,6"" FHD - Intel Alder Lake N95 - 16Go RAM - 512 Go SSD - Windows 11 Pro",,,,Oui,Intel Alder Lake N95,"299,99",cdiscount.com,ORDINATEUR
,,,,,,,cdiscount.com,ORDINATEUR
"Lenovo ThinkPad T470s 20HF Core i5 7300U - 2.6 GHz Win 10 Pro 64 bits 8 Go RAM 256 Go SSD TCG Opal Encryption 2, NVMe 14""-20HF000VUK",LENOVO,,20HF000VUK,Oui,Intel Core i5 (7ème génération) 7300U / 2.6 GHz,279,cdiscount.com,ORDINATEUR
,,,,,,,cdiscount.com,ORDINATEUR
,,,,,,,cdiscount.com,ORDINATEUR
PC Portable 15.6'' - OUZRS - Celeron N5095 - 16 Go DDR4 - 256 Go SSD - Windows 11 Pro,,,,"15,6",,"245,77",cdiscount.com,ORDINATEUR
"Ordinateur Portable - HP EliteBook 840 G5 - 14"" FHD - Core i5-8250U - RAM 8Go (2018) - Reconditionné - Etat correct",HP,,3JX00EA#ABF,Oui,Intel Core i5 (8ème génération) 8250U / 1.6 GHz,275,cdiscount.com,ORDINATEUR
,,,,,,,cdiscount.com,ORDINATEUR
,,,,,,,cdiscount.com,ORDINATEUR
,,,,,,,cdiscount.com,ORDINATEUR
Ordinateur portable - ASUS - ASUS ZenBook 14 OLED UX3402VA-KM139W - Conception de charnière à 180 degrés,ASUS,,90NB10G6-M00W40,,,"807,93",cdiscount.com,ORDINATEUR
Ordinateur portable - Dell - Inspiron 15 3535 - AMD Ryzen 5 - 16 Go RAM - 512 Go SSD - Win 11 Pro,DELL,,744TJ,,,"675,99",cdiscount.com,ORDINATEUR
"PC Portable ACEMAGIC 15.6"" FHD processeur Intel Alder Lake N 97, RAM 16Go, Stockage 512Go SSD, Windows 11，Argent",,512 Go SSD,,‎15.6 Pouces,Intel Alder Lake N97,"279,9",cdiscount.com,ORDINATEUR
,,,,,,,cdiscount.com,ORDINATEUR
"PC Portable LENOVO Yoga Slim 7 14APU8 | Windows 11 - 14"" OLED 2,9K 90hz - Ryzen 7 7840S - RAM 16 Go - SSD 512 Go - AZERTY",LENOVO,SSD 512 Go M.2 2280 PCIe® 4.0x4 NVMe®,83AA0010FR,,"AMD Ryzen™ 7 7840S (8C / 16T, 3.3 / 5.1GHz, 8MB L2 / 16MB L3)","879,99",cdiscount.com,ORDINATEUR
,,,,,,,cdiscount.com,ORDINATEUR
"Macbook Pro Touch Bar 16"" i7 2,6 Ghz 16 Go 512 Go SSD Gris Sidéral (2019) - Reconditionné - Très bon état",APPLE,,MVVJ2LL/A,Oui,Intel Core i7 (9ème génération) 2.6 GHz,"639,26",cdiscount.com,ORDINATEUR
,,,,,,,cdiscount.com,ORDINATEUR
"Apple - 13,6"" MacBook Air M3 (2024) - RAM 16Go - Stockage 512Go - Lumière Stellaire - AZERTY",APPLE,512 Go,MXCU3FN/A,Oui,Apple M3,1319,cdiscount.com,ORDINATEUR
,,,,,,,cdiscount.com,ORDINATEUR
,,,,,,,cdiscount.com,ORDINATEUR
PC Portable LENOVO IdeaPad 3 15IJL6 | Chrome OS - 15'' FHD - Celeron N4500 - RAM 4 Go - Stockage 64 Go - AZERTY,LENOVO,64 Go,82N4004GFR,,Intel Celeron N4500,"239,99",cdiscount.com,ORDINATEUR
,,,,,,,cdiscount.com,ORDINATEUR
"PC portable Lenovo PC portable Lenovo IdeaPad Slim 5x 14Q8X9 14"" OLED Qualcomm Snapdragon X plus RAM 16 GO LPDDR5X 512 Go SSD",LENOVO,,,,,"749,99",cdiscount.com,ORDINATEUR
Ordinateur Portable Apple MacBook Pro MJLQ2F/A,APPLE,,Ordinateur Portable Apple MacBook Pro MJLQ2F/A,Oui,Intel Core i7 (4ème génération) 2.2 GHz,509,cdiscount.com,ORDINATEUR
,,,,,,,cdiscount.com,ORDINATEUR
,,,,,,,cdiscount.com,ORDINATEUR
"PC Portable - FUNYET - 15Y10 - 15,6"" FHD - Intel Core i5-8210Y - RAM 16Go - SSD 512Go - Windows 11 Pro",,512Go,,"15,6",Intel Core i5-8210Y,"369,99",cdiscount.com,ORDINATEUR
,,,,,,,cdiscount.com,ORDINATEUR
,,,,,,,cdiscount.com,ORDINATEUR
"PC Portable Gamer ASUS TUF Gaming F17 | Win 11 - 17,3"" FHD 144Hz - RTX 3050 4Go - Intel Core i5-12500H - RAM 16Go - 512Go SSD",ASUS,,90NR0GX2-M007U0,Oui,Intel Core i5-12500H / 2.5 GHz,999,cdiscount.com,ORDINATEUR
,,,,,,,cdiscount.com,ORDINATEUR
"Ordinateur Portable - Intel - N95 - 16"" FHD - 16 Go RAM - 512 Go SSD - WiFi 6 - Windows 11",,,,16 Pouces,Intel Turbo N95  (3.4 GHz),296,cdiscount.com,ORDINATEUR
,,,,,,,cdiscount.com,ORDINATEUR
"PC portable - LENOVO - ThinkPad X1 Carbon - 14"" - Reconditionné - Etat correct",LENOVO,256 Go,THINKPADX1CARBON1419GHZ8GO256GONOIRCOREI5-4300U,,,319,cdiscount.com,ORDINATEUR
PC PORTABLE TACTILE HP Elite-Book x360 1030 G2 i5-7300U 2.6 GHz 8GB RAM 256GB SSD WIN 10 PRO,HP,,,Oui,Intel Core i5 (7ème génération) 7300U / 2.6 GHz,279,cdiscount.com,ORDINATEUR
"Portable HP 255 G9 AMD Ryzen 5 5625U 8Go 256Go PCle NVMe AMD Radeon Graphics 15.6""FHD pavé numérique WIN11Pro 5Y424EA Gris",HP,,5Y424EA#ABF,,,"612,98",cdiscount.com,ORDINATEUR
,,,,,,,cdiscount.com,ORDINATEUR
"PC Portable Gaming MSI Katana GF76 11UE-483XFR - 17,3""FHD 144Hz - Core i5 11400H - 16Go 512Go SSD - RTX3060 6GB Sans Windows AZERTY",MSI,,OCCG4E34IW6JF35,,,"569,99",cdiscount.com,ORDINATEUR
"Ordinateur Portable ACEMAGIC - 16"" FHD - 16Go DDR4,512Go SSD - Intel 12th N 97(jusqu'à 3,60 GHz) - WiFi,USB 3.2×3, Type C",,512Go,,16,Intel Quad-Core 12th Alder Lake N 97,"289,99",cdiscount.com,ORDINATEUR
"PC Portable Notebook - THOMSON NEO14 - 14,1"" HD - Celeron N4020 - RAM 4Go - 128Go SSD - Windows 11S - Blanc - AZERTY",THOMSON,128 GB,TH14C4WH128C,,Intel Celeron N4020,"159,99",cdiscount.com,ORDINATEUR
,,,,,,,cdiscount.com,ORDINATEUR
,,,,,,,cdiscount.com,ORDINATEUR
"PC Portable Gamer HP Victus 15-fb0238nf - 15,6"" FHD - Ryzen 5-5600H - RAM 16Go - 512Go SSD - RTX 3050 4Go - Sans Windows - AZERTY",HP,,HP15FB0238NF,,AMD Ryzen™ 5 5600H,"519,99",cdiscount.com,ORDINATEUR
,,,,,,,cdiscount.com,ORDINATEUR
,,,,,,,cdiscount.com,ORDINATEUR
,,,,,,,cdiscount.com,ORDINATEUR
"Apple - 14"" - MacBook Pro M3 Pro (2023) -  RAM 18Go - Stockage 512Go - Noir sidéral - Azerty",APPLE,,MRX33FN/A,Oui,M3 Pro,2249,cdiscount.com,ORDINATEUR
,,,,,,,cdiscount.com,ORDINATEUR
Ordinateur Portable HP ZBook 15 - Core i7 - RAM 16Go - HDD 1To - Windows 10 - Reconditionné - Excellent état,HP,,,,Intel Core i7 4900M,499,cdiscount.com,ORDINATEUR
PC Portable 15.6'' - OUZRS - Celeron N5095 - 16 Go DDR4 - 256 Go SSD - Windows 11 Pro,,,,"15,6",,"245,77",cdiscount.com,ORDINATEUR
"Pc Portable Gamer MSI Katana 15 B13UDXK, I5-13è, 16G, RTX 3050 - 15.6"" FHD",MSI,,,,Intel Core i5,969,cdiscount.com,ORDINATEUR
,,,,,,,cdiscount.com,ORDINATEUR
"Ordinateur Portable - HP EliteBook 840 G5 - 14"" FHD - Core i5-8250U - RAM 8Go (2018) - Reconditionné - Etat correct",HP,,3JX00EA#ABF,Oui,Intel Core i5 (8ème génération) 8250U / 1.6 GHz,275,cdiscount.com,ORDINATEUR
,,,,,,,cdiscount.com,ORDINATEUR
Pc portable Lenovo T450 - i5 5300U - 8Go - 240Go SSD - W10,LENOVO,,,,Intel Core i5,"181,83",cdiscount.com,ORDINATEUR
"Lenovo ThinkPad T480 20L5 Core i7 8550U - 1.8 GHz Win 10 Pro 64 bits 16 Go RAM 512 Go SSD TCG Opal Encryption 2, NVMe 14"" IPS…",LENOVO,,20L5000AIX,Oui,Intel Core i7 (8ème génération) 8550U / 1.8 GHz,370,cdiscount.com,ORDINATEUR
,,,,,,,cdiscount.com,ORDINATEUR
,,,,,,,cdiscount.com,ORDINATEUR
,,,,,,,cdiscount.com,ORDINATEUR
,,,,,,,cdiscount.com,ORDINATEUR
,,,,,,,cdiscount.com,ORDINATEUR
NOTODD PC Portable 16''- Stockage 12Go+512Go - Celeron N5095 - Ordinateur Portable Windows 11 - FHD 1920*1200 - 5G/2.4G WiFI -,,SSD,,,Celeron N5095,"279,99",cdiscount.com,ORDINATEUR
,,,,,,,cdiscount.com,ORDINATEUR
Lenovo - Ordinateur Portable ThinkPad T420 - Intel Core i5 - RAM 8 Go - Stockage 250 Go HDD - Windows 10 - Reconditionné,LENOVO,,,,"Intel Core i5-2520M 2,50 GHz",179,cdiscount.com,ORDINATEUR
,,,,,,,cdiscount.com,ORDINATEUR
ORDINATEUR PORTABLE HP 14-EM0033NF,HP,,948P8EA#ABF,,,569,cdiscount.com,ORDINATEUR
,,,,,,,cdiscount.com,ORDINATEUR
,,,,,,,cdiscount.com,ORDINATEUR
,,,,,,,cdiscount.com,ORDINATEUR
,,,,,,,cdiscount.com,ORDINATEUR
"APPLE MacBook Air 13"" 2017 i5 - 1,8 Ghz - 8 Go RAM - 256 Go SSD - Gris - Reconditionné - Etat correct",APPLE,,MQD42LL/A,Oui,Intel Core i5 (5ème génération) 1.8 GHz,"273,98",cdiscount.com,ORDINATEUR
"PC Portable LENOVO Yoga Pro 7 14IMH9 | Sans Windows - 14,5"" Tactile 3K 120hz - Core Ultra 5 125H - RAM 32Go - SSD 512Go - AZERTY",LENOVO,512 Go,83E2008AFR,,Intel Ultra 5 125H,"1099,99",cdiscount.com,ORDINATEUR
,,,,,,,cdiscount.com,ORDINATEUR
,,,,,,,cdiscount.com,ORDINATEUR
"APPLE MacBook Pro 13"" 2017 i5 - 2,3 Ghz - 8 Go RAM - 128 Go SSD  - Gris Sidéral - Reconditionné - Très bon état",APPLE,,FPXQ2FN/A,Oui,Intel Core i5 (7ème génération) 2.3 GHz,389,cdiscount.com,ORDINATEUR
"PC portable - LENOVO - ThinkPad X1 Carbon - 14"" - Reconditionné - Etat correct",LENOVO,256 Go,THINKPADX1CARBON1419GHZ8GO256GONOIRCOREI5-4300U,,,319,cdiscount.com,ORDINATEUR
,,,,,,,cdiscount.com,ORDINATEUR
,,,,,,,cdiscount.com,ORDINATEUR
"Apple - 13,6'' MacBook Air M3 - RAM 16Go - Stockage 256Go - CPU 8 cœurs - GPU 8 cœurs - Midnight",APPLE,256 Go,MC8K4FN/A,Oui,Apple M3,1099,cdiscount.com,ORDINATEUR
,,,,,,,cdiscount.com,ORDINATEUR
"PC Portable HP 15-fd0064nf - Windows 11 - 15,6"" FHD - Core i3-N305 - RAM 8Go - Stockage 256Go SSD - AZERTY",HP,,9Z300EA#ABF,Oui,Intel® Core™ i3-N305,"503,67",cdiscount.com,ORDINATEUR
"PC Portable Gamer HP Victus 16-s1037nf - Windows 11 - 16,1"" FHD - RTX 4060 8Go - Ryzen 5-8640H - RAM 16Go - 512 Go SSD - AZERTY",HP,,AJ4N4EA#ABF,,AMD Ryzen™ 5 8640H,"1129,99",cdiscount.com,ORDINATEUR
"Ordinateur portable ASUS VivoBook Pro 15 OLED avec Intel Core Ultra 9, écran 15.6' OLED (3K), SSD NVMe, et Wi-Fi 6E.",ASUS,,,,,"1791,95",cdiscount.com,ORDINATEUR
,,,,,,,cdiscount.com,ORDINATEUR
,,,,,,,cdiscount.com,ORDINATEUR
,,,,,,,cdiscount.com,ORDINATEUR
,,,,,,,cdiscount.com,ORDINATEUR
,,,,,,,cdiscount.com,ORDINATEUR
,,,,,,,cdiscount.com,ORDINATEUR
,,,,,,,cdiscount.com,ORDINATEUR
,,,,,,,cdiscount.com,ORDINATEUR
,,,,,,,cdiscount.com,ORDINATEUR
,,,,,,,cdiscount.com,ORDINATEUR
"Apple MacBook Pro with Touch Bar Core i5 3.1 GHz OS X 10.13 Sierra 8 Go RAM 256 Go SSD 13.3"" IPS 2560 x 1600 (WQXGA) Iris",APPLE,,MPXV2LL/A,Oui,Intel Core i5 (7ème génération) 3.1 GHz,"409,01",cdiscount.com,ORDINATEUR
,,,,,,,cdiscount.com,ORDINATEUR
"PC portable - HP - ProBook 6460B - 14"" - Reconditionné - Etat correct",HP,512 Go,PROBOOK6460B1425GHZ16GO512GONOIRCOREI5-2520M,,,289,cdiscount.com,ORDINATEUR
,,,,,,,cdiscount.com,ORDINATEUR
Ordinateur portable 14'' - LENOVO - Ryzen 7 - 8Go RAM - 512Go SSD - Windows 11 Pro,LENOVO,,,,AMD Ryzen 7 7730U,609,cdiscount.com,ORDINATEUR
PC Portable 15-fc0041nf - 15.6 / 39.6cm - Argent naturel HP,HP,,,15.6,,549,cdiscount.com,ORDINATEUR
,,,,,,,cdiscount.com,ORDINATEUR
,,,,,,,cdiscount.com,ORDINATEUR
,,,,,,,cdiscount.com,ORDINATEUR
,,,,,,,cdiscount.com,ORDINATEUR
Ordinateur portable HP ProBook 430 G3 - i3 - 256Go - W10 Pro,HP,,,Oui,Intel Core i3 (6ème génération) 6100U / 2.3 GHz,229,cdiscount.com,ORDINATEUR
Ordinateur portable - conception de charnière à 180 degrés - Acer - Acer Swift Go 14 AI SFG14-01 - Conception de charnière à 180 de,ACER,,NX.KYXEF.005,,,882,cdiscount.com,ORDINATEUR
,,,,,,,cdiscount.com,ORDINATEUR
,,,,,,,cdiscount.com,ORDINATEUR
,,,,,,,cdiscount.com,ORDINATEUR
,,,,,,,cdiscount.com,ORDINATEUR
,,,,,,,cdiscount.com,ORDINATEUR
Pc portable Lenovo T430 - i5 - 8Go - 500Go SSD - Windows 10,LENOVO,,,,Intel Core i5,179,cdiscount.com,ORDINATEUR
PC portable Samsung GALAXY BOOK2 PRO ULTRA LÉGER 15’’ PLATEFORME EVO INTEL CORE ULTRA 7 16GO RAM 512 GO SSD INTEL ARC GRAPHICS,SAMSUNG,,,,,"999,99",cdiscount.com,ORDINATEUR
,,,,,,,cdiscount.com,ORDINATEUR
,,,,,,,cdiscount.com,ORDINATEUR
,,,,,,,cdiscount.com,ORDINATEUR
"PC Portable Gamer ASUS ROG Strix G16 | Win 11 - 16"" WUXGA 165Hz - RTX 4060 8Go - Intel Core i5-13450HX - RAM 16Go - 512Go SSD",ASUS,,90NR0C61-M002X0,Oui,Intel Core i5-13450HX / 4.6 GHz,2099,cdiscount.com,ORDINATEUR
"PC portable VANWIN 16,1""FHD+, Win11 Pro, 24 Go de RAM 512 Go SSD Intel Celeron N5095 (2,0 GHz) Rotation 170° Ordinateur portable",,,,Oui,"Intel Celeron N5095 (2,0 GHz)","299,99",cdiscount.com,ORDINATEUR
,,,,,,,cdiscount.com,ORDINATEUR
PC Portable HP ProBook 640 G1 - i3 2.4Ghz 4Go 250Go W10,HP,250Go,,,i3 4000M 2.4 Ghz,219,cdiscount.com,ORDINATEUR
"DELL Ordinateur portable Latitude 5000 5400 - 35,6 cm 14"" - Core i5 i5-8265U - 8 Go RAM - 256 Go SSD - Noir",DELL,,HTDF8,Oui,Intel Core i5 (8ème génération) 8265U / 1.6 GHz,"189,99",cdiscount.com,ORDINATEUR
,,,,,,,cdiscount.com,ORDINATEUR
"APPLE MacBook Air 13"" 2019 i5 - 1,6 Ghz - 8 Go RAM - 128 Go SSD - Gris Sidéral - Reconditionné - Etat correct",APPLE,,MVFH2FN/A,Oui,Intel Core i5 (8ème génération) 1.6 GHz,389,cdiscount.com,ORDINATEUR
,,,,,,,cdiscount.com,ORDINATEUR
Ordinateur portable Lenovo ThinkPad X201 Tablet,LENOVO,,10792,,Intel Core i7,249,cdiscount.com,ORDINATEUR
PC Portable LENOVO IdeaPad 3 17ALC6 | Windows 11 - 17'' HD + - Ryzen 7 5700U - RAM 12 Go - SSD 512 Go - AZERTY,LENOVO,512 Go SSD M.2 2242 PCIe® 4.0x4 NVMe®,82KV00KXFR,Oui,"AMD Ryzen™ 7 5700U (8 cœurs/16 t, 1,8/4,3 GHz, 4 Mo L2/8 Mo L3)","579,99",cdiscount.com,ORDINATEUR
,,,,,,,cdiscount.com,ORDINATEUR
,,,,,,,cdiscount.com,ORDINATEUR
,,,,,,,cdiscount.com,ORDINATEUR
,,,,,,,cdiscount.com,ORDINATEUR
"LENOVO Ordinateur portable - ThinkPad L480 20LS001GFR - Écran 35,6 cm (14"") - 1366 x 768 - Core i5 i5-7200U - 4 Go RAM - 500 Go HDD",LENOVO,,20LS001GFR,Oui,Intel Core i5 (7ème génération) 7200U / 2.5 GHz,249,cdiscount.com,ORDINATEUR
Ordinateur portable HP ProBook 460 G11 - Intel Core Ultra 7 - 16 Go RAM - 512 Go SSD - Windows 10,HP,,9Y7E5ET#ABF,,,"1238,9",cdiscount.com,ORDINATEUR
HP 255 G9 AMD Ryzen 3 5425U 15.6p FHD AG LED SVA 8Go DDR4 256Go SSD Webcam AC+BT 3C Batt W11H64 1yr Wrty,HP,,5Y427EA#ABF,,,"413,99",cdiscount.com,ORDINATEUR
,,,,,,,cdiscount.com,ORDINATEUR
"APPLE MacBook Pro 13"" 2017 i5 - 2,3 Ghz - 8 Go RAM - 128 Go SSD  - Gris Sidéral - Reconditionné - Excellent état",APPLE,,FPXQ2FN/A,Oui,Intel Core i5 (7ème génération) 2.3 GHz,504,cdiscount.com,ORDINATEUR
,,,,,,,cdiscount.com,ORDINATEUR
PC Portable LENOVO IdeaPad 3 17IAU7 | Sans Windows - 17'' HD + - Core i5-1235U - RAM 8 Go - SSD 512 Go - AZERTY,LENOVO,,82RL00D5FR,,Intel® Core™ i5-1235U,"479,99",cdiscount.com,ORDINATEUR
"PC portable - MEDION – AKOYA E14223 MD62560 - 14"" FHD - Intel Celeron N4120 - RAM 4 Go - eMMC 128Go - Windows 11 Home S AZERTY",MEDION,EMMC PH 128GB PTE4A0TN-X28E 5.1,30035746,,Intel N4120 1.1GHz 6W SRESZ,"134,99",cdiscount.com,ORDINATEUR
,,,,,,,cdiscount.com,ORDINATEUR
"PC Portable HP EliteBook 2560P - Intel Core i5-2540M - 4Go - 250Go - 12,5"" - Windows 10",HP,,,,"Intel Core i5-2540M 2,60GHz",174,cdiscount.com,ORDINATEUR
Dell - Ordinateur portable-Dell Latitude  - 2To SSD - Intel Core i5-8265U 1.6GHz,DELL,,,,,"332,39",cdiscount.com,ORDINATEUR
,,,,,,,cdiscount.com,ORDINATEUR
,,,,,,,cdiscount.com,ORDINATEUR
,,,,,,,cdiscount.com,ORDINATEUR
,,,,,,,cdiscount.com,ORDINATEUR
,,,,,,,cdiscount.com,ORDINATEUR
"HP ProBook 650 G5 15"" Core i3-8145U@2.1 GHz SSD 128 Go RAM 8 Go Clavier AZERTY Français",HP,,,,Core i3-8145U@2.1 GHz,"177,59",cdiscount.com,ORDINATEUR
,,,,,,,cdiscount.com,ORDINATEUR
Pc Portable MSI THIN 15 B12UC-1232XFR,MSI,,,,,899,cdiscount.com,ORDINATEUR
Ordinateur portable Dell Latitude E5440 - Intel Core i5-4310U - 4Go RAM - 320Go HDD - 14 pouces - Windows 7,DELL,,,,Intel Core i5-4310U,189,cdiscount.com,ORDINATEUR
Pc portable DDell E5530 - 15.6'' - Core i3-3120M - 8Go - 320Go,DELL,8 To,03TD0796,,,216,cdiscount.com,ORDINATEUR
"PC Portable Gamer - MSI - Katana 15 B13VFK-2226XFR - 15,6"" FHD 144Hz - i5-13420H - RAM : 16Go -512Go SSD -RTX 4060 8Go -Sans windows",MSI,SSD,9S71585712226,,Intel® Core™ i5-13420H de 13ème génération,"1025,99",cdiscount.com,ORDINATEUR
Dell Latitude 7290 - Windows 11 - i5 16Go 256Go SSD - 12.5 - Webcam - Ordinateur Portable PC Noir,DELL,,,,,279,cdiscount.com,ORDINATEUR
,,,,,,,cdiscount.com,ORDINATEUR
,,,,,,,cdiscount.com,ORDINATEUR
"PC portable Gamer - ERAZER - CRAWLER E50 - 15.6"" FHD - 144 Hz - I5-12450H - RAM 16Go - SSD 512Go - RTX4050 - Livré SANS WINDOWS",ERAZER,SSD 512 Go,30036591,,"Intel i5-12450H 2,0Ghz 45W SRMAQ","629,99",cdiscount.com,ORDINATEUR
"DELL Latitude 5400 - PC Portable Intel® Core™ i5 8350U - 32 Go RAM - 1 To SSD NVMe - 14"" LED - Windows 11 Pro 64 bits",DELL,,,,,355,cdiscount.com,ORDINATEUR
"PC Portable HP Pavilion 15-eg2000sf 15.6"" FHD (Intel Core i5-1235U, RAM 16 Go, SSD 512 Go, Windows 11) - Argent",HP,,750D7EA#ABF,,,"749,99",cdiscount.com,ORDINATEUR
,,,,,,,cdiscount.com,ORDINATEUR
Ordinateur Portable - Dell - Latitude E7240 - Intel Core i7 - 8 Go RAM - SSD 128 Go,DELL,,,,,215,cdiscount.com,ORDINATEUR
,,,,,,,cdiscount.com,ORDINATEUR
,,,,,,,cdiscount.com,ORDINATEUR
Ordinateur Portable Dell Latitude 5300 - Core i5 1.6 Ghz - RAM 8 Go - SSD 512 Go,DELL,SSD,,,Intel Core i5 8365U,252,cdiscount.com,ORDINATEUR
,,,,,,,cdiscount.com,ORDINATEUR
,,,,,,,cdiscount.com,ORDINATEUR
PC Portable - RAZER BLADE - 18'' QHD+ - I9 13950HX - 16Go - RTX 4090 - 2 To SSD - RGB W11,RAZER,,RZ09-0484UFH4-R3F1,,Intel Core I9 13950HX (13ème génération),"4579,99",cdiscount.com,ORDINATEUR
,,,,,,,cdiscount.com,ORDINATEUR
,,,,,,,cdiscount.com,ORDINATEUR
"PC Portable Gamer ASUS TUF Gaming A15 | Win 11 - 15,6"" FHD 144Hz - RTX 3050 4Go - AMD Ryzen 7 7435HS - RAM 32Go - 1To SSD",ASUS,,90NR0JV7-M00400,Oui,AMD Ryzen 7 7435HS / 3.1 GHz,1199,cdiscount.com,ORDINATEUR
Pc portable HP 6470B - i5 - 8Go - HDD 320 Go - Windows 10,HP,,,,Intel Core i5,189,cdiscount.com,ORDINATEUR
