Nom du produit,Marque,RAM,Capacité (mémoire),Couleur(s),Référence,Modèle de téléphone,Prix,Site web,Catégorie
"DOOGEE N55 Pro Smartphone - 6.56"" - 256 Go - Android 14 - 5150mAh - Double Sim 4G - GPS - Bleu",DOOGEE,6Go RAM + jusqu'à 10Go d'extension,256 Go,Bleu,,N55 Pro,"109,99",cdiscount.com,SMARTPHONE
,,,,,,,,cdiscount.com,SMARTPHONE
GOOGLE Pixel 7 - 128 Go - Noir,GOOGLE,8 Go de RAM LPDDR5,128 Go,Noir,GA03923-GB,Google Pixel 7,"249,95",cdiscount.com,SMARTPHONE
,,,,,,,,cdiscount.com,SMARTPHONE
XIAOMI - REDMI 13C - 128Go - Noir minuit,XIAOMI,LPDDR4X extensible jusqu’à 16 Go,128Go,Noir minuit,REDMI13C4128N,Redmi 13C,"88,01",cdiscount.com,SMARTPHONE
,,,,,,,,cdiscount.com,SMARTPHONE
,,,,,,,,cdiscount.com,SMARTPHONE
SAMSUNG Galaxy A10 Noir,SAMSUNG,2 Go,32 Go,Noir,SM-A105FZKYXEF,Galaxy A10,"85,99",cdiscount.com,SMARTPHONE
,,,,,,,,cdiscount.com,SMARTPHONE
,,,,,,,,cdiscount.com,SMARTPHONE
"Smartphone DOOGEE N55 - Téléphone pas cher 9Go RAM 128Go - 4G WIFI Écran HD+ 6.56"" Batterie 5150mAh - Android 14 Widevine L1 - Gris",DOOGEE,9 Go de RAM (4 Go + jusqu'à 5 Go de RAM étendue),128Go,Gris,,,"94,99",cdiscount.com,SMARTPHONE
,,,,,,,,cdiscount.com,SMARTPHONE
Xiaomi Redmi 14C Bleu (8 Go / 256 Go) - Smartphone 4G-LTE Dual SIM - Helio G81-Ultra 8-Core 2.0 GHz - RAM 8 Go - Ecran tactile 6.88',XIAOMI,,,,,,"128,58",cdiscount.com,SMARTPHONE
XIAOMI REDMI NOTE 10 5G 128 Go Gris,XIAOMI,4 Go - LPDDR4X SDRAM,128 Go,Gris,REDMINOTE105G128 G,,"93,99",cdiscount.com,SMARTPHONE
SAMSUNG Galaxy S20FE 128Go 5G Bleu,SAMSUNG,6 Go - LPDDR5 SDRAM,128 Go,Bleu,G781 B,,"172,98",cdiscount.com,SMARTPHONE
SAMSUNG Galaxy Z Flip3 256Go Noir,SAMSUNG,8 Go,256 Go,Noir,F711256 N,Galaxy Z Flip3,"299,99",cdiscount.com,SMARTPHONE
,,,,,,,,cdiscount.com,SMARTPHONE
,,,,,,,,cdiscount.com,SMARTPHONE
Smartphone Honor 90 SMART Noir,HONOR,,128 Go,,,,"150,53",cdiscount.com,SMARTPHONE
,,,,,,,,cdiscount.com,SMARTPHONE
,,,,,,,,cdiscount.com,SMARTPHONE
,,,,,,,,cdiscount.com,SMARTPHONE
SAMSUNG Galaxy A42 5G Blanc,SAMSUNG,4 Go,128 Go,Blanc,SM-A426BZWDEUH,,"159,99",cdiscount.com,SMARTPHONE
,,,,,,,,cdiscount.com,SMARTPHONE
,,,,,,,,cdiscount.com,SMARTPHONE
,,,,,,,,cdiscount.com,SMARTPHONE
Smartphone Google Pixel 8 128Go Noir Volcanique 5G,GOOGLE,,128 Go,Noir,,,"372,98",cdiscount.com,SMARTPHONE
,,,,,,,,cdiscount.com,SMARTPHONE
,,,,,,,,cdiscount.com,SMARTPHONE
,,,,,,,,cdiscount.com,SMARTPHONE
"Blackview BL8000 Smartphone Incassable 5G 24Go+512Go 6.78"" 8800mAh 50MP+16MP Android 13 Téléphone Débloque WiFi6 - Noir",BLACKVIEW,12 Go + jusqu'à 12 Go d'extension,512 Go,Noir,,Blackview BL8000,"314,99",cdiscount.com,SMARTPHONE
"Smartphone 4G - Marque - Modèle - 6.3"" Plein HD - 64Go - Débloqué - Android 10.0",TEENO,4 Go,,,,,"65,99",cdiscount.com,SMARTPHONE
,,,,,,,,cdiscount.com,SMARTPHONE
,,,,,,,,cdiscount.com,SMARTPHONE
SAMSUNG Galaxy Z Flip3 128Go Vert,SAMSUNG,8 Go,128 Go,Vert,F711128 V,Samsung Galaxy Z Flip3,"264,98",cdiscount.com,SMARTPHONE
Smartphone Xiaomi REDMI 13C 256GO NOIR,XIAOMI,LPDDR4X extensible jusqu’à 16 Go1,256 Go,Noir minuit,REDMI13C8256N,REDMI 13C,"105,87",cdiscount.com,SMARTPHONE
HONOR X6b 4Go+128Go Smartphone  4G - Vert,HONOR,4go,128Go,Vert,,HONOR X6b,"99,99",cdiscount.com,SMARTPHONE
"15 Pro Max Smartphone 6.23"" FHD 4Go + 128Go 3400mAh Double SIM 4G - Noir",,4 Go,128 Go,Noir,,15 Pro Max,"74,99",cdiscount.com,SMARTPHONE
,,,,,,,,cdiscount.com,SMARTPHONE
,,,,,,,,cdiscount.com,SMARTPHONE
,,,,,,,,cdiscount.com,SMARTPHONE
SAMSUNG Galaxy A53 128Go 5G Noir,SAMSUNG,6 Go,128 Go,Noir,A535128N,Galaxy A53,179,cdiscount.com,SMARTPHONE
,,,,,,,,cdiscount.com,SMARTPHONE
Samsung Galaxy A15 5G Smartphone 128 Go Bleu nuit,SAMSUNG,4 Go,128 Go,Bleu nuit,SM-A156BZKDEUB,Samsung Galaxy A15 5G,"155,95",cdiscount.com,SMARTPHONE
,,,,,,,,cdiscount.com,SMARTPHONE
,,,,,,,,cdiscount.com,SMARTPHONE
SAMSUNG Galaxy S21 Plus 128Go Noir.,SAMSUNG,8 Go - LPDDR5 SDRAM,128 Go,Noir,G996128 N,,"202,68",cdiscount.com,SMARTPHONE
SAMSUNG Galaxy S21 Ultra 128Go Silver,SAMSUNG,12 Go - LPDDR5 SDRAM,128 Go,Silver,G998128 S,Galaxy S21 Ultra,"247,49",cdiscount.com,SMARTPHONE
APPLE iPhone 13 128 Go Midnight (2021) - Reconditionné - Excellent état,APPLE,,128 Go,Noir,MLPF3F/A,,"324,99",cdiscount.com,SMARTPHONE
"HOTWAV Note 13 Smartphone 8Go+128Go 6,6"" HD+ Caméra 50MP Téléphone Portable Pas Cher 5160mAh WIFI/Face ID 4G Android 13 GPS-Noir",HOTWAV,8Go(4+4extensible),8Go + 128Go,Noir,,HOTWAV Note 13,"87,99",cdiscount.com,SMARTPHONE
Smartphone Portable - OUKITEL C25 4G - Android 11 - 4Go+32Go 5000mAh - Écran HD+ 6.5 Caméra 13MP Vert,OUKITEL,,32Go,,,,"69,99",cdiscount.com,SMARTPHONE
"Smartphone Pas Cher - OUKITEL C57S - 64Go - 4300mAh - 6.52""HD - Android 14 - 13MP+5MP - GPS - OTG - Face ID - Noir",OUKITEL,,8(2+6)Go RAM + 64Go ROM,Noir,,OUKITEL C57S,"72,99",cdiscount.com,SMARTPHONE
"BLACKVIEW A52 Pro Smartphone 6.5"" 8Go RAM + 128Go ROM 5180mAh 13MP Caméra Téléphone portable 4G Double Sim Android 13 GPS - Bleu",BLACKVIEW,4Go RAM + jusqu’à 4Go d’extension,8Go (4Go + 4Go) + 128Go,Bleu,,A52 Pro,"86,99",cdiscount.com,SMARTPHONE
,,,,,,,,cdiscount.com,SMARTPHONE
SAMSUNG Galaxy Z Flip3 256Go Vert 5G,SAMSUNG,,256 Go,Vert,,Samsung Galaxy Z Flip3 5G,299,cdiscount.com,SMARTPHONE
,,,,,,,,cdiscount.com,SMARTPHONE
,,,,,,,,cdiscount.com,SMARTPHONE
,,,,,,,,cdiscount.com,SMARTPHONE
,,,,,,,,cdiscount.com,SMARTPHONE
,,,,,,,,cdiscount.com,SMARTPHONE
,,,,,,,,cdiscount.com,SMARTPHONE
HONOR 20 Noir 128 Go,HONOR,6 Go,128 Go,Noir,51093VBY,,"93,96",cdiscount.com,SMARTPHONE
Samsung Galaxy A14 5G Smartphone 128 Go Noir,SAMSUNG,4 Go,128 Go,Noir,SM-A155FZBDEUB,A14 5G,"137,78",cdiscount.com,SMARTPHONE
Smartphone Robuste 5G DOOGEE V40 6.78 pouces FHD+ Android 14 - 32Go+512Go Caméra 108MP 8680mAh Téléphone IP68 NFC-Face ID - Argent,DOOGEE,32Go (12Go + jusqu'à 20go RAM étendue),32 Go (12 Go + jusqu'à 20 Go de RAM étendue) + 512 Go de ROM,Argent,,V40,"359,99",cdiscount.com,SMARTPHONE
Smartphone - HUAWEI - P30 Pro - 256 Go - Double SIM - Android 9.0 Pie,HUAWEI,8 Go,256 Go,Noir,51093QFS,,"217,99",cdiscount.com,SMARTPHONE
"Smartphone Pas Cher - OUKITEL C57S - 64Go - 4300mAh - 6.52""HD - Android 14 - 13MP+5MP - GPS - OTG - Face ID - Noir",OUKITEL,,8(2+6)Go RAM + 64Go ROM,Noir,,OUKITEL C57S,"72,99",cdiscount.com,SMARTPHONE
"Smartphone HUAWEI P30 Pro 256 Go Bleu Aurore - Android 9.0 Pie - Double SIM - 6,47"" - 8 Go RAM",HUAWEI,,,,51093QFU,,"209,9",cdiscount.com,SMARTPHONE
,,,,,,,,cdiscount.com,SMARTPHONE
GOOGLE Pixel 6 - 128 Go - Noir (2021) - Reconditionné - Excellent état,GOOGLE,LPDDR5 de 8 Go,128 Go,Noir,GA02900-FR,Pixel 6,211,cdiscount.com,SMARTPHONE
,,,,,,,,cdiscount.com,SMARTPHONE
,,,,,,,,cdiscount.com,SMARTPHONE
,,,,,,,,cdiscount.com,SMARTPHONE
Smartphone - HUAWEI - P30 Pro - 256 Go - Double SIM - Android 9.0 Pie,HUAWEI,8 Go,256 Go,Noir,51093QFS,,"217,99",cdiscount.com,SMARTPHONE
"Huawei Y MAX 8X MAX Smartphone 7.12"" 8Go + 128Go 5000mAh Double SIM 4G - Noir",HUAWEI,8Go,8gb RAM 128gb ROM,,,Huawei Y MAX 8X MAX,"99,98",cdiscount.com,SMARTPHONE
,,,,,,,,cdiscount.com,SMARTPHONE
,,,,,,,,cdiscount.com,SMARTPHONE
,,,,,,,,cdiscount.com,SMARTPHONE
,,,,,,,,cdiscount.com,SMARTPHONE
XIAOMI 12 256Go 5G Gris,XIAOMI,,256 Go,Gris,XIAOMI128256G,XIAOMI 12,"284,99",cdiscount.com,SMARTPHONE
,,,,,,,,cdiscount.com,SMARTPHONE
SAMSUNG Galaxy S9+   64 Go Ultra-violet,SAMSUNG,6 Go - LPDDR4 SDRAM,,,SM-G965FZPDXEF,,"159,15",cdiscount.com,SMARTPHONE
iPhone 13 128Go Midnight,APPLE,,128 Go,Midnight,MLPF3ZD/A,Iphone 13,499,cdiscount.com,SMARTPHONE
SAMSUNG Galaxy Z Flip5 512Go Graphite,SAMSUNG,RAM : 8Go LPDDR5X,512 Go,Graphite,SM-F731BZAHEUB,Z Flip5,"544,99",cdiscount.com,SMARTPHONE
"DOOGEE S200 Smartphone 5G Robuste - Caméra 100MP Écran 6,8"" FHD 32Go + 256Go 10100mAh Charge 33W telephone Android 14 NFC/GPS -",DOOGEE,32Go (12Go + jusqu'à 20go RAM étendue),32 Go + 256 Go,Gris,,S200,"309,99",cdiscount.com,SMARTPHONE
,,,,,,,,cdiscount.com,SMARTPHONE
,,,,,,,,cdiscount.com,SMARTPHONE
,,,,,,,,cdiscount.com,SMARTPHONE
,,,,,,,,cdiscount.com,SMARTPHONE
Smartphone Google Pixel 8 Pro 256Go Porcelaine 5G,GOOGLE,,,,,,"589,2",cdiscount.com,SMARTPHONE
,,,,,,,,cdiscount.com,SMARTPHONE
APPLE iPhone 14 Pro 128GB Deep Purple - Reconditionné - Excellent état,APPLE,,128 Go,Deep purple,MQ0G3ZD/A,,"561,99",cdiscount.com,SMARTPHONE
Oneplus 9 - Noir - 8 Go RAM - 128 Go ROM - Snapdragon 888 - Triple caméra 48MP + 50MP + 2MP - Charge Warp 65T,ONEPLUS,,,,,,"228,13",cdiscount.com,SMARTPHONE
,,,,,,,,cdiscount.com,SMARTPHONE
"DOOGEE S200 telephone portable 5G Caméra 100MP Murphy, Smartphone Robuste D7050 Android 14 12Go + 256Go 6,8"" FHD 10100mAh/33W -",DOOGEE,32Go (12Go + jusqu'à 20go RAM étendue),32 Go (12 Go + jusqu'à 20 Go de RAM étendue) + 256 Go de ROM,,,S200,"309,99",cdiscount.com,SMARTPHONE
,,,,,,,,cdiscount.com,SMARTPHONE
,,,,,,,,cdiscount.com,SMARTPHONE
,,,,,,,,cdiscount.com,SMARTPHONE
Realme 12 5G 8 Go/256 Go Vert (Woodland Green) Double SIM,,,,,,,"231,52",cdiscount.com,SMARTPHONE
"Oukitel WP50 5G Smartphone Robuste 16Go (4+12) RAM /256Go ROM 6.6"" HD+ 6500 mAh 48MP Android 14 NFC GPS Double SIM - Noir",OUKITEL,4 Go + 12 Go de extension,(4+12) Go + 256 Go,Noir,,,"209,99",cdiscount.com,SMARTPHONE
Samsung Galaxy S24 Plus Smartphone 256 Go Noir,SAMSUNG,12Go,256 Go,Noir,SM-S926BZKDEUB,S24 Plus,707,cdiscount.com,SMARTPHONE
"Smartphone nubia Z60S Pro - nubia - Snapdragon 8 Gen 2 - 12 Go RAM - 256 Go ROM - Écran AMOLED 1,5K 6,78 pouces",,,,,NX725J,,359,cdiscount.com,SMARTPHONE
APPLE iPhone 11 64 Go Noir - Reconditionné - Etat correct,APPLE,,64 Go,Noir,MWLT2ZD/A,,"193,9",cdiscount.com,SMARTPHONE
Smartphone Samsung Galaxy A55 5G 256Go Bleu ciel,SAMSUNG,8 Go,256 Go,Bleu,SM-A556BLBCEUB,A55,"359,98",cdiscount.com,SMARTPHONE
"Cubot Kingkong Ace 3 Smartphone Robuste 24Go + 256 Go 6,58"" FHD+ 100MP Caméra 5100mAh IP68 GPS NFC 4G Double SIM - Noir",,8 Go RAM + jusqu'à 16 Go d'extension,256 Go,Noir,,Kingkong Ace 3,"189,98",cdiscount.com,SMARTPHONE
,,,,,,,,cdiscount.com,SMARTPHONE
,,,,,,,,cdiscount.com,SMARTPHONE
Samsung Galaxy S20 Ultra 5G 128 Go Noir,SAMSUNG,12 Go,,Noir,,,"225,83",cdiscount.com,SMARTPHONE
,,,,,,,,cdiscount.com,SMARTPHONE
SAMSUNG Galaxy S23 128Go Noir,SAMSUNG,8Go,128Go,Noir,SM-S911BZKDEUB,Samsung Galaxy S23,"399,66",cdiscount.com,SMARTPHONE
Smartphone Google Pixel 8a 5G Double Sim 128Go Obsidian Noir,GOOGLE,,,,,,"353,3",cdiscount.com,SMARTPHONE
"Xiaomi Redmi 13C 8GB RAM 256GB ROM [Version Globale] (Midnight Black), Triple caméra arrière de 50MP avec IA",XIAOMI,,,,,,109,cdiscount.com,SMARTPHONE
,,,,,,,,cdiscount.com,SMARTPHONE
,,,,,,,,cdiscount.com,SMARTPHONE
,,,,,,,,cdiscount.com,SMARTPHONE
"Smartphone Robuste OUKITEL WP38, 10600 mAh 6Go+256 Go, 6.52""HD+, Téléphone portable Android 13, 13MP+5MP, Deux SIM/OTG/NFC/GPS Vert",OUKITEL,6 Go de RAM,6 Go + 256 Go,Vert,,OUKITEL WP38,"159,99",cdiscount.com,SMARTPHONE
,,,,,,,,cdiscount.com,SMARTPHONE
,,,,,,,,cdiscount.com,SMARTPHONE
,,,,,,,,cdiscount.com,SMARTPHONE
APPLE iPhone 12 Pro 128Go Graphite - Reconditionné - Excellent état,APPLE,,128 Go,Graphite,MGMK3F/A,,"338,84",cdiscount.com,SMARTPHONE
,,,,,,,,cdiscount.com,SMARTPHONE
,,,,,,,,cdiscount.com,SMARTPHONE
Smartphone - REDMAGIC - 10 Pro - 16 Go RAM - 512 Go ROM - Snapdragon 8 Elite - 5G,,,,,NX789J,,829,cdiscount.com,SMARTPHONE
,,,,,,,,cdiscount.com,SMARTPHONE
Smartphone Realme GT 6 5G Argent 16Go Ram 512Go,,16Go,,,,,519,cdiscount.com,SMARTPHONE
POCO X7 Argent 8 GO + 256 GO,,,,,,,249,cdiscount.com,SMARTPHONE
POCO X7 Pro Noir 8 GO + 256 GO,,,,,,,319,cdiscount.com,SMARTPHONE
,,,,,,,,cdiscount.com,SMARTPHONE
,,,,,,,,cdiscount.com,SMARTPHONE
,,,,,,,,cdiscount.com,SMARTPHONE
Smartphone Portable Incassable - Ulefone Armor 24 - Android 13 -Téléphone Débloqué 64MP Caméra de Vision Nocturne 24Go+256Go,ULEFONE,,256 Go,,,,"295,88",cdiscount.com,SMARTPHONE
POCO X7 Pro Vert 12 GO + 256 GO,,,,,,,339,cdiscount.com,SMARTPHONE
,,,,,,,,cdiscount.com,SMARTPHONE
"Smartphone Pas Cher DOOGEE N55 PRO Android 14 16Go + 256Go/1TB Écran de 6.56""Batterie 5150mAh Caméra 13MP Double SIM/OTG/GPS Noir",DOOGEE,,16Go + 256Go,Noir,,DOOGEE N55 PRO,"109,99",cdiscount.com,SMARTPHONE
,,,,,,,,cdiscount.com,SMARTPHONE
,,,,,,,,cdiscount.com,SMARTPHONE
,,,,,,,,cdiscount.com,SMARTPHONE
Samsung Galaxy S24 Ultra Smartphone 256 Go Noir,SAMSUNG,12Go,256 Go,Noir,SM-S928BZKGEUB,S24 Ultra,910,cdiscount.com,SMARTPHONE
HOTWAV Cyber 13 Pro Smartphone Robuste 20Go+256Go 10800mAh Caméra 64MP 6.6'' FHD+ 4G Télécommande Infrarouge NFC/Face ID - Orange,HOTWAV,20Go (12Go + jusqu'à 8Go d'extension),Neuf,Orange,,HOTWAV Cyber 13 Pro,"169,99",cdiscount.com,SMARTPHONE
Smartphone Google Pixel 8 Pro 128Go Bleu Azur 5G,GOOGLE,,128 Go,Bleu Azur,,Google Pixel 8 Pro 5G,"463,54",cdiscount.com,SMARTPHONE
,,,,,,,,cdiscount.com,SMARTPHONE
"Smartphone GOOGLE Pixel 7 Pro - 128 Go - Gris - Double SIM - Android - 6,7 po - 12 Go RAM",GOOGLE,12 Go de RAM LPDDR5,128 Go,Gris,GA03464-GB,Google Pixel 7 Pro,"328,08",cdiscount.com,SMARTPHONE
,,,,,,,,cdiscount.com,SMARTPHONE
Samsung Galaxy S24 Smartphone 128 Go Indigo,SAMSUNG,8Go,128 Go,Indigo,SM-S921BZVDEUB,S24,"500,05",cdiscount.com,SMARTPHONE
SAMSUNG Galaxy Z Flip4 128Go 5G Bleu,SAMSUNG,8 Go,128 Go,Bleu,SM-F721BLBGEUB,Samsung Galaxy Z Flip4 5G,"313,93",cdiscount.com,SMARTPHONE
,,,,,,,,cdiscount.com,SMARTPHONE
,,,,,,,,cdiscount.com,SMARTPHONE
,,,,,,,,cdiscount.com,SMARTPHONE
"DOOGEE S200X Smartphone robuste 5G DDR5 ,Caméra AI 100MP 6,72""FHD+ 120Hz 32+512Go Batterie 10100mAh/33W Android 14 NFC/WiFi6 - Noir",DOOGEE,32Go (12Go + jusqu'à 20go RAM étendue),32 Go de RAM (12 Go + jusqu'à 20 Go de RAM étendue) + 512 Go de ROM,Noir,,S200X,"359,99",cdiscount.com,SMARTPHONE
,,,,,,,,cdiscount.com,SMARTPHONE
POCO X7 Argent 12 GO + 512 GO,,,,,,,299,cdiscount.com,SMARTPHONE
APPLE iPhone 13 128 Go Starlight (2021) - Reconditionné - Excellent état,APPLE,,128 Go,Blanc,MLPG3F/A,,"335,99",cdiscount.com,SMARTPHONE
Smartphone Nothing PHONE (2a) Blanc 12Go +256Go,NOTHING,,,,,,"315,9",cdiscount.com,SMARTPHONE
,,,,,,,,cdiscount.com,SMARTPHONE
,,,,,,,,cdiscount.com,SMARTPHONE
,,,,,,,,cdiscount.com,SMARTPHONE
APPLE iPhone 14 Pro 256GB Silver - Reconditionné - Excellent état,APPLE,,256 GB,Argent,MQ103ZD/A,Iphone 14 Pro,"608,98",cdiscount.com,SMARTPHONE
"DOOGEE S200 telephone portable 5G Caméra 100MP Murphy, Smartphone Robuste D7050 Android 14 12+256Go 6,8"" FHD 10100mAh/33W - Argent",DOOGEE,32Go (12Go + jusqu'à 20go RAM étendue),32 Go (12 Go + jusqu'à 20 Go de RAM étendue) + 256 Go de ROM,,,S200,"309,99",cdiscount.com,SMARTPHONE
"Smartphone Incassable 5G Oukitel WP33 Pro-22000mAh -24GB+256GB-Android 13- 6.58""FHD+ -64MP+32MP-IP68 Étanche- NFC/GPS/Dual SIM",OUKITEL,8Go,256 Go,Noir,,Oukitel WP33 PRO,"319,99",cdiscount.com,SMARTPHONE
"OUKITEL C57 Pro 4G Smartphone 16Go (4+12) RAM /128Go ROM 6.52"" 13MP 4300mAh Téléphone Portable Android 14 GPS Double SIM - Violet",OUKITEL,4 Go RAM + jusqu'à 12 Go d'extension,16Go (4+12) RAM/ 128Go ROM,Violet,,C57 Pro,"85,99",cdiscount.com,SMARTPHONE
,,,,,,,,cdiscount.com,SMARTPHONE
XIAOMI Smartphone 14 Ultra 16/512Go Blanc,XIAOMI,,,,XIAOMI-14U-512-BL,,"979,99",cdiscount.com,SMARTPHONE
Samsung Galaxy S24 Smartphone 256 Go Indigo,SAMSUNG,8Go,256 Go,Indigo,SM-S921BZVGEUB,S24,643,cdiscount.com,SMARTPHONE
,,,,,,,,cdiscount.com,SMARTPHONE
,,,,,,,,cdiscount.com,SMARTPHONE
APPLE iPhone 16 Pro Max 256GB Black Titanium,APPLE,,256 Go,Black Titanium,MYWV3ZD/A,iPhone 16 Pro Max,1429,cdiscount.com,SMARTPHONE
APPLE iPhone 16 Pro 128GB Desert Titanium,APPLE,,128 Go,Desert Titanium,MYNF3ZD/A,iPhone 16 Pro,1169,cdiscount.com,SMARTPHONE
"KXD A10 Smartphone 6,6 pouces 4Go+128Go 4500mAh 13MP+8MP Android 13 Téléphone portable 4G Face ID",KXD,4Go+8Go,128Go,Blanc,,A10,"88,99",cdiscount.com,SMARTPHONE
"OPPO A31 Smartphone 6.5"" 4Go + 128Go 4230mAh Double SIM - Noir",OPPO,4 Go,128 Go,Noir,,,"89,99",cdiscount.com,SMARTPHONE
HUAWEI P30 Pro 128GO Noir - Reconditionné - Très bon état,HUAWEI,8 Go,128 Go,Noir,51095RJG,,260,cdiscount.com,SMARTPHONE
,,,,,,,,cdiscount.com,SMARTPHONE
Samsung Galaxy S24 Smartphone 256 Go Argent,SAMSUNG,8Go,256 Go,Argent,SM-S921BZAGEUB,S24,"596,88",cdiscount.com,SMARTPHONE
POCO X7 Noir 8 GO + 256 GO,,,,,,,249,cdiscount.com,SMARTPHONE
Smartphone Samsung GALAXY S24+ 256GO CREME 5G,SAMSUNG,12Go,256 Go,Crème,SM-S926BZYDEUB,S24 Plus,"694,79",cdiscount.com,SMARTPHONE
,,,,,,,,cdiscount.com,SMARTPHONE
Samsung Galaxy A55 Smartphone 256 Go 5G Bleu nuit,SAMSUNG,8 Go,256 Go,Bleu nuit,SM-A556BZKCEUB,A55,"399,99",cdiscount.com,SMARTPHONE
POCO X7 Pro Jaune 12 GO + 256 GO,,,,,,,349,cdiscount.com,SMARTPHONE
,,,,,,,,cdiscount.com,SMARTPHONE
Samsung Galaxy A55 Smartphone 128 Go 5G Bleu,SAMSUNG,8 Go,128 Go,Bleu,SM-A556BLBAEUB,A55,"414,99",cdiscount.com,SMARTPHONE
APPLE iPhone 11 Pro 256 Go Gris Sideral - Reconditionné - Excellent état,APPLE,,256 Go,Gris sidéral,MWC72ZD/A,,"268,38",cdiscount.com,SMARTPHONE
Xiaomi MIX Flip 12 GO + 512 GO Violet,XIAOMI,,,,,,1002,cdiscount.com,SMARTPHONE
APPLE iPhone 13 Pro 128 Go Graphite (2021) - Reconditionné - Excellent état,APPLE,,128 Go,Graphite,MLV93F/A,,"422,99",cdiscount.com,SMARTPHONE
Samsung Galaxy A55 Smartphone 256 Go 5G Lilas,SAMSUNG,8 Go,256 Go,Lilas,SM-A556BLVCEUB,A55,"467,95",cdiscount.com,SMARTPHONE
Smartphone HUAWEI P30 Pro 256 Go Nacré - Double SIM - Android 9.0 Pie - Lecteur d'empreintes digitales,HUAWEI,8 Go,256 Go,Nacré,51093QFW,,"218,99",cdiscount.com,SMARTPHONE
,,,,,,,,cdiscount.com,SMARTPHONE
Google Pixel 8 Pro 5G 12 Go/256 Go Noir (Obsidian Black) Double SIM,GOOGLE,,,,,,"578,98",cdiscount.com,SMARTPHONE
,,,,,,,,cdiscount.com,SMARTPHONE
APPLE iPhone 15 Pro 128GB Natural Titanium (2023) - Reconditionné - Excellent état,APPLE,,128 Go,Gris,MTUX3ZD/A,Iphone 15 Pro,879,cdiscount.com,SMARTPHONE
,,,,,,,,cdiscount.com,SMARTPHONE
,,,,,,,,cdiscount.com,SMARTPHONE
,,,,,,,,cdiscount.com,SMARTPHONE
,,,,,,,,cdiscount.com,SMARTPHONE
"KXD A10 Smartphone 6,6 pouces 4Go+128Go 4500mAh 13MP+8MP Android 13 Téléphone portable 4G Face ID",KXD,4Go+8Go,128Go,Blanc,,A10,"88,99",cdiscount.com,SMARTPHONE
"OPPO A31 Smartphone 6.5"" 4Go + 128Go 4230mAh Double SIM - Noir",OPPO,4 Go,128 Go,Noir,,,"89,99",cdiscount.com,SMARTPHONE
APPLE iPhone 12 Pro Max 256Go Argent - Reconditionné - Excellent état,APPLE,,,,MGDD3F/A,,"396,98",cdiscount.com,SMARTPHONE
,,,,,,,,cdiscount.com,SMARTPHONE
,,,,,,,,cdiscount.com,SMARTPHONE
,,,,,,,,cdiscount.com,SMARTPHONE
,,,,,,,,cdiscount.com,SMARTPHONE
,,,,,,,,cdiscount.com,SMARTPHONE
"FOSSIBOT F105 Smartphone Robuste - Écran 6.74"" - 4Go + 64Go - 20MP - 10300mAh - Android 14 - IP68 Téléphone GPS Double SIM 4G -",,4 Go RAM + jusqu'à 8 Go d'extension,64 Go,Bleu,,F105,"98,77",cdiscount.com,SMARTPHONE
"DOOGEE V40PRO - Smartphone Robuste - 512Go - 200MP - 8680mAh - 6.78""FHD+, 120Hz - Android 14 - NFC/GPS/OTG - Noir",DOOGEE,16Go+20Go d'extension,36(16+20)Go RAM+512Go ROM,Bleu,,DOOGEE V40 PRO,"459,99",cdiscount.com,SMARTPHONE
,,,,,,,,cdiscount.com,SMARTPHONE
,,,,,,,,cdiscount.com,SMARTPHONE
Smartphone Nothing Phone (2a) Plus 5G 12Go 256Go Noir 6.7” AMOLED 120 Hz MediaTek Dimensity 7350 Pro 5000 mAh,NOTHING,,,,,,369,cdiscount.com,SMARTPHONE
,,,,,,,,cdiscount.com,SMARTPHONE
,,,,,,,,cdiscount.com,SMARTPHONE
,,,,,,,,cdiscount.com,SMARTPHONE
,,,,,,,,cdiscount.com,SMARTPHONE
,,,,,,,,cdiscount.com,SMARTPHONE
Samsung Galaxy A55 Smartphone 128 Go 5G Bleu,SAMSUNG,8 Go,128 Go,Bleu,SM-A556BLBAEUB,A55,"414,99",cdiscount.com,SMARTPHONE
"DOOGEE S CYBER Smartphone Robuste 6.58"" FHD+ 4G Android 14 - 20Go+256Go 10800mAh Caméra 50MP Téléphone NFC-Face ID - Argent",DOOGEE,20Go (8Go + jusqu'à 12go RAM étendue),20Go + 256Go,Argent,,SCYBER,"179,99",cdiscount.com,SMARTPHONE
"Smartphone HOTWAV Note 12(2024) 6,8"" 48MP Caméra-16(6+10)Go RAM+128Go ROM-5160mAh 4G Android 14 Téléphone Portable Pas Cher - Vert",HOTWAV,16Go(6+10Virtuelle),16(6+10Virtuelle)Go+128Go,Vert,,HOTWAV Note 12 2024,"109,99",cdiscount.com,SMARTPHONE
,,,,,,,,cdiscount.com,SMARTPHONE
SAMSUNG Galaxy A22 128Go 5G Gris,SAMSUNG,4 Go,128 Go,gris,A226 G,,"130,99",cdiscount.com,SMARTPHONE
,,,,,,,,cdiscount.com,SMARTPHONE
,,,,,,,,cdiscount.com,SMARTPHONE
APPLE iPhone 12 mini 64Go Vert - Reconditionné - Excellent état,APPLE,,64 Go,Vert,MGE23F/A,,212,cdiscount.com,SMARTPHONE
OnePlus 12 Vert 16Go Ram 512Go Version EU CPH2581 Flowy Emerald,ONEPLUS,16Go,,,,,"749,99",cdiscount.com,SMARTPHONE
,,,,,,,,cdiscount.com,SMARTPHONE
"Smartphone HOTWAV Note 12(2024)-6,8"" 48MP Caméra-16(6+10)Go RAM+128Go ROM-5160mAh 4G Android 14 Téléphone Portable Pas Cher - Violet",HOTWAV,16Go(6+10Virtuelle),16(6+10Virtuelle)Go+128Go,Violet,,HOTWAV Note 12 2024,"109,99",cdiscount.com,SMARTPHONE
"BLACKVIEW BV7300 - Smartphone Robuste - 18Go+256Go - 15000mAh - 6.67"" 90Hz - 50MP+32MP - Android 14 - OTG/NFC/GPS - Orange",BLACKVIEW,6Go+12 Go d'extension,18(6+12)Go RAM+256Go ROM,Orange,,BLACKVIEW BV7300,"196,99",cdiscount.com,SMARTPHONE
"Smartphone TCL 40 NXTPAPER 5G - 6,6"" écran 90Hz - 12Go - 256Go - Noir",TCL,,,,,,"143,92",cdiscount.com,SMARTPHONE
Nothing Phone (2a) 5G 12Go 256Go Noir 6.7” AMOLED 120Hz MediaTek Dimensity 7200 Pro 5000 mAh Charge Rapide 45W Smartphone,NOTHING,,256 Go,,,,329,cdiscount.com,SMARTPHONE
Smartphone Nothing PHONE (2a) Noir 8Go + 128Go,NOTHING,,,,,,"285,9",cdiscount.com,SMARTPHONE
,,,,,,,,cdiscount.com,SMARTPHONE
,,,,,,,,cdiscount.com,SMARTPHONE
Redmi Note 14 Pro Smartphone 5G 8Go RAM 256Go ROM - Violet,XIAOMI,,,,,,"309,99",cdiscount.com,SMARTPHONE
,,,,,,,,cdiscount.com,SMARTPHONE
,,,,,,,,cdiscount.com,SMARTPHONE
,,,,,,,,cdiscount.com,SMARTPHONE
DOOGEE V40PRO Téléphone Portable Incassable 5G Android 14 36+512Go ROM 6 pouces 200MP Caméra WIFI6 NFC Smartphone Robuste - Noir,DOOGEE,36Go (16Go + jusqu'à 20go RAM étendue),36 Go (16 Go + jusqu'à 20 Go de RAM étendue) + 512 Go de ROM,Argent,,V40PRO,"459,99",cdiscount.com,SMARTPHONE
,,,,,,,,cdiscount.com,SMARTPHONE
Samsung Galaxy Note20 5G 128 Go Bronze - Reconditionné - Excellent état,SAMSUNG,8 Go - LPDDR5 SDRAM,,Bronze,,,238,cdiscount.com,SMARTPHONE
,,,,,,,,cdiscount.com,SMARTPHONE
,,,,,,,,cdiscount.com,SMARTPHONE
SAMSUNG Galaxy A70 - Double sim 128 Go Noir,SAMSUNG,,,,SM-A705FZKUXEF,,"138,99",cdiscount.com,SMARTPHONE
,,,,,,,,cdiscount.com,SMARTPHONE
,,,,,,,,cdiscount.com,SMARTPHONE
,,,,,,,,cdiscount.com,SMARTPHONE
"CUBOT Kingkong 9 Smartphone Robuste - 24Go + 512Go - 10600mAh - 100MP - Double Écran 6.58'' + 1.32"" - NFC GPS Dual SIM 4G Noir",,12 Go RAM + jusqu'à 12 Go d'extension,(12+12) Go RAM + 512 Go ROM,Noir,,Kingkong 9 (512Go),"259,88",cdiscount.com,SMARTPHONE
,,,,,,,,cdiscount.com,SMARTPHONE
Xiaomi Redmi 14C 8 Go+256 G - Smartphone 4G-LTE Dual SIM - Helio G81-Ultra 8- Noir - avec adaptateur,XIAOMI,,,,,,"124,98",cdiscount.com,SMARTPHONE
XIAOMI REDMI 14C 8Go/256Go Smartphone 4G Noir,XIAOMI,,,,,,"129,99",cdiscount.com,SMARTPHONE
Samsung Galaxy S24 Plus Smartphone 256 Go Indigo,SAMSUNG,12Go,256 Go,Indigo,SM-S926BZVDEUB,S24 Plus,717,cdiscount.com,SMARTPHONE
,,,,,,,,cdiscount.com,SMARTPHONE
"Telephone Incassable DOOGEE S41 Plus 8Go+128Go ROM,Android 13 Smartphone Incassable,6300mAh 5.5 pouces Dual SIM/NFC/GPS - Vert",DOOGEE,8Go (4Go + jusqu'à 4go RAM étendue),8+128 Go,Vert,,S41PLUS,"119,99",cdiscount.com,SMARTPHONE
,,,,,,,,cdiscount.com,SMARTPHONE
,,,,,,,,cdiscount.com,SMARTPHONE
Smartphone Xiaomi Redmi Note 13 Pro 256Go Violet 5G,XIAOMI,"RAM LPDDR5, Stockage UFS 3.1
RAM extensible jusqu’à 16Go",8Go + 256Go,Violet,RN13PRO5G8256P,Redmi 13 Pro 5G,"249,99",cdiscount.com,SMARTPHONE
HUAWEI P30 Smartphone 256 Go Nacré,HUAWEI,,,,,,"137,05",cdiscount.com,SMARTPHONE
,,,,,,,,cdiscount.com,SMARTPHONE
,,,,,,,,cdiscount.com,SMARTPHONE
,,,,,,,,cdiscount.com,SMARTPHONE
"DOOGEE N55 Plus Smartphone 4G - 6.56"" - 20Go (8+12) RAM/ 128 Go ROM - Android 14 - 5150mAh - Caméra 13MP - Double SIM - GPS - Noir",DOOGEE,8 Go RAM + jusqu'à 12 Go d'extension,128 Go,Noir,,N55 Plus,"106,99",cdiscount.com,SMARTPHONE
Smartphone Portable Incassable - HOTWAV Cyber 8 - Android 11 - 8280mAh - 4Go+64Go 16MP + 8MP Dual SIM 4G,HOTWAV,,,,,,"109,99",cdiscount.com,SMARTPHONE
HOTWAV T5 Max Smartphone Robuste 4Go + 64Go 6050mAh Écran 6.0 Pouces HD Caméra 13MP NFC Téléphone Étanche Android 13 - Orange,HOTWAV,4Go,Neuf,Orange,,HOTWAV T5 Max,"99,99",cdiscount.com,SMARTPHONE
,,,,,,,,cdiscount.com,SMARTPHONE
,,,,,,,,cdiscount.com,SMARTPHONE
"Smartphone durable avec écran XXL, processeur performant et résistance aux chocs et à l'eau.",CROSSCALL,,,,,,"493,51",cdiscount.com,SMARTPHONE
,,,,,,,,cdiscount.com,SMARTPHONE
,,,,,,,,cdiscount.com,SMARTPHONE
,,,,,,,,cdiscount.com,SMARTPHONE
"Blackview WAVE 8 Smartphone 6.56"" 12Go RAM + 128Go ROM 5000mAh 13MP Caméra Téléphone portable 4G Double SIM Android 14 GPS - Noir",BLACKVIEW,4Go RAM + jusqu'à 8Go d'extension,128 Go,Noir,,WAVE 8,"89,99",cdiscount.com,SMARTPHONE
"Smartphone HOTWAV Note 12(2024) 6,8"" 48MP Caméra-16(6+10)Go RAM+128Go ROM-5160mAh 4G Android 14 Téléphone Portable Pas Cher - Noir",HOTWAV,16Go(6+10Virtuelle),16(6+10Virtuelle)Go+128Go,Noir,,HOTWAV Note 12 2024,"109,99",cdiscount.com,SMARTPHONE
,,,,,,,,cdiscount.com,SMARTPHONE
,,,,,,,,cdiscount.com,SMARTPHONE
,,,,,,,,cdiscount.com,SMARTPHONE
,,,,,,,,cdiscount.com,SMARTPHONE
,,,,,,,,cdiscount.com,SMARTPHONE
SAMSUNG Galaxy A50 - Double sim 128 Go Bleu,SAMSUNG,,,,SM-A505FZBSXEF,,"126,59",cdiscount.com,SMARTPHONE
,,,,,,,,cdiscount.com,SMARTPHONE
,,,,,,,,cdiscount.com,SMARTPHONE
,,,,,,,,cdiscount.com,SMARTPHONE
,,,,,,,,cdiscount.com,SMARTPHONE
,,,,,,,,cdiscount.com,SMARTPHONE
,,,,,,,,cdiscount.com,SMARTPHONE
,,,,,,,,cdiscount.com,SMARTPHONE
,,,,,,,,cdiscount.com,SMARTPHONE
,,,,,,,,cdiscount.com,SMARTPHONE
Samsung Galaxy M23 5G 4Go/128Go Vert (Deep Green) Double SIM,SAMSUNG,,,,,,209,cdiscount.com,SMARTPHONE
,,,,,,,,cdiscount.com,SMARTPHONE
Samsung Galaxy A12 Dual 128Go Noir,SAMSUNG,,,,,,"109,89",cdiscount.com,SMARTPHONE
,,,,,,,,cdiscount.com,SMARTPHONE
,,,,,,,,cdiscount.com,SMARTPHONE
,,,,,,,,cdiscount.com,SMARTPHONE
SAMSUNG Galaxy A25 5G Smartphone 128Go Bleu,SAMSUNG,6Go,128 Go,BLEU,,A25,"214,99",cdiscount.com,SMARTPHONE
Samsung Galaxy A54 Smartphone 128 Go 5G Noir,SAMSUNG,8 Go,128 Go,Noir,SM-A546BZKCEUB,Samsung Galaxy A54 5G,"270,99",cdiscount.com,SMARTPHONE
Smartphone 5G OPPO Reno8 Lite 128Go - Rose - Double SIM - Lecteur d'empreintes digitales,OPPO,8 Go (LPDDR4x) | Extensible virtuellement jusqu’à 5 Go,128 Go,Arc-en-ciel,RENO8LITE128RBW,REN08 LITE,"164,78",cdiscount.com,SMARTPHONE
"Smartphone HOTWAV Note 13 - Violet - 6,6"" HD+ - 8Go+128Go - Caméra 50MP - 5160mAh - 4G Android 13 - GPS",HOTWAV,8Go(4+4extensible),8Go + 128Go,Violet,,HOTWAV Note 13,"87,99",cdiscount.com,SMARTPHONE
APPLE iPhone 11 128 Go Mauve - Reconditionné - Etat correct,APPLE,,128 Go,Mauve,MWM52ZD/A,,203,cdiscount.com,SMARTPHONE
iPhone 15 128GB Noir,APPLE,,128 Go,Midnight,MTP03ZD/A,Iphone 15,809,cdiscount.com,SMARTPHONE
SMARTPHONE - Vivo V40 5G Violet 8Go Ram 256Go,VIVO,,,,,,389,cdiscount.com,SMARTPHONE
"OUKITEL WP23 Pro Smartphone Robuste - 10600mAh - 6.52""HD+ 8 Go RAM + 128Go ROM - 13MP+5MP - Android 13 - Double SIM NFC GPS - Noir",OUKITEL,8 Go,128GB,Noir,,OUKITEL WP23 Pro Smartphone Robuste 8Go + 128Go,"149,99",cdiscount.com,SMARTPHONE
"Telephone Portable Incassable, DOOGEE S59(2021) Smartphone 4G, 5,71 Pouces 10050mAh, 4 Go+64 Go, Grand Haut-Parleur 2W - Vert",DOOGEE,4 Go,,Vert,,,129,cdiscount.com,SMARTPHONE
APPLE Iphone Xr 64Go Blanc - Reconditionné - Etat correct,APPLE,3 Go,64 Go,Blanc,MRY52ZD/A,,165,cdiscount.com,SMARTPHONE
Smartphone Realme GT 6T 5G 8Go Ram 256Go Argent liquide,,8Go,,,,,349,cdiscount.com,SMARTPHONE
XIAOMI Redmi A3 3Go RAM 64Go ROM 4G Bleu,XIAOMI,,,,,,"74,99",cdiscount.com,SMARTPHONE
Samsung Galaxy A41 Noir,SAMSUNG,,,,,,"118,99",cdiscount.com,SMARTPHONE
,,,,,,,,cdiscount.com,SMARTPHONE
,,,,,,,,cdiscount.com,SMARTPHONE
,,,,,,,,cdiscount.com,SMARTPHONE
,,,,,,,,cdiscount.com,SMARTPHONE
,,,,,,,,cdiscount.com,SMARTPHONE
"Smartphone Incassable - Ulefone Armor 22 - Android 13 4G - 16Go+256Go - 6.58"" FHD+ 64MP 64MP Nocturne Vision Dual SIM Vert",ULEFONE,,256 Go,,,,"269,88",cdiscount.com,SMARTPHONE
,,,,,,,,cdiscount.com,SMARTPHONE
,,,,,,,,cdiscount.com,SMARTPHONE
Huawei P30 Smartphone 256Go Bleu Aurore,XIAOMI,,,,,,"159,99",cdiscount.com,SMARTPHONE
APPLE iPhone 11 128Go Noir - Reconditionné - Excellent état,APPLE,,128 Go,Noir,MWM02ZD/A,,222,cdiscount.com,SMARTPHONE
SAMSUNG Galaxy A70 - Double sim 128 Go Bleu,SAMSUNG,,,,SM-A705FZBUXEF,,"131,98",cdiscount.com,SMARTPHONE
OnePlus 11 5G 16Go Ram 256Go CPH2449 Eternal Green,ONEPLUS,16Go,,,,OnePlus 11,999,cdiscount.com,SMARTPHONE
,,,,,,,,cdiscount.com,SMARTPHONE
,,,,,,,,cdiscount.com,SMARTPHONE
,,,,,,,,cdiscount.com,SMARTPHONE
SAMSUNG Galaxy S21FE 128Go 5G Graphite,SAMSUNG,6 Go,128 Go,Graphite,G990BG,Galaxy S21 FE,"427,74",cdiscount.com,SMARTPHONE
,,,,,,,,cdiscount.com,SMARTPHONE
XIAOMI Redmi Note 9 Pro Blanc glacier 128 Go,XIAOMI,6 Go,128 Go,Blanc,REDMINOTE9PRO128W,,"127,99",cdiscount.com,SMARTPHONE
"Blackview WAVE 8 Smartphone 6.56"" 12Go RAM + 128Go ROM 5000mAh 13MP Caméra Téléphone portable 4G Double SIM Android 14 GPS - Bleu",BLACKVIEW,4Go RAM + jusqu'à 8Go d'extension,128 Go,Bleu,,WAVE 8,"89,99",cdiscount.com,SMARTPHONE
"Smartphone Pas Cher Cubot A20 12Go + 128Go 6.75"" /1.83"" Écran Arrière 48MP 5100mAh Android 14 Téléphone Portable Dual SIM 4G - Rose",,4 Go RAM + jusqu'à 8 Go d'extension,12 Go + 128 Go,Rose,,A20,"106,98",cdiscount.com,SMARTPHONE
"OUKITEL WP23 Pro Smartphone Robuste - 10600mAh - 6.52""HD+ 8 Go RAM + 128Go ROM - 13MP+5MP - Android 13 - Double SIM NFC GPS - Vert",OUKITEL,8 Go,128GB,Vert,,OUKITEL WP23 Pro Smartphone Robuste 8Go + 128Go,"149,99",cdiscount.com,SMARTPHONE
,,,,,,,,cdiscount.com,SMARTPHONE
APPLE iPhone 15 128GB Pink (2023) - Reconditionné - Excellent état,APPLE,,128 Go,Rose,MTP13ZD/A,,725,cdiscount.com,SMARTPHONE
"Smartphone Robuste 5G DOOGEE V20S 12Go+256Go 6.43""FHD+, 6000mAh, 50MP+24MP Vision nocturne, Android 13, Double écran/NFC/OTG",DOOGEE,12 Go RAM + jusqu'à 20 Go d'extension,,Noir,,V20S,"299,99",cdiscount.com,SMARTPHONE
,,,,,,,,cdiscount.com,SMARTPHONE
,,,,,,,,cdiscount.com,SMARTPHONE
"XIAOMI Redmi 13 Smartphone 6+128Go Noir Caméra 108 MP Écran 6,79"" 90Hz MediaTek Helio G91-Ultra 5030mAh Batterie Charge Rapide 33W",XIAOMI,,128GB,,,,129,cdiscount.com,SMARTPHONE
,,,,,,,,cdiscount.com,SMARTPHONE
"Smartphone Incassable - Ulefone Armor 22 - Android 13 4G - 16Go+256Go - 6.58"" FHD+ 64MP 64MP Nocturne Vision Dual SIM Vert",ULEFONE,,256 Go,,,,"269,88",cdiscount.com,SMARTPHONE
SAMSUNG Galaxy A33 128Go 5G Noir,SAMSUNG,6 Go,128 Go,Noir,A336128N,Galaxy A33 5G,"319,95",cdiscount.com,SMARTPHONE
APPLE iPhone 16 128GB Pink,APPLE,,128 Go,Pink,MYEA3ZD/A,iPhone 16,919,cdiscount.com,SMARTPHONE
,,,,,,,,cdiscount.com,SMARTPHONE
Smartphone - Nubia - Z70 Ultra - 5G - 12 Go RAM - 256 Go ROM - Noir,,,,,NX733J,,699,cdiscount.com,SMARTPHONE
,,,,,,,,cdiscount.com,SMARTPHONE
APPLE iPhone 12 Pro Max 128Go Bleu Pacifique - Reconditionné - Excellent état,APPLE,,,,MGDA3F/A,,"384,97",cdiscount.com,SMARTPHONE
"Oukitel C31 (Double Sim - 6.517'', 16 Go, 3 GO RAM) - Noir - Tout Opérateurs 6,517""",OUKITEL,,,,,,"59,99",cdiscount.com,SMARTPHONE
,,,,,,,,cdiscount.com,SMARTPHONE
"Smartphone Portable Incassable - DOOGEE S61 Pro 4G - Android 12 5180mAh - 6.0"" Caméra de Vision Nocturne 20MP 6Go+128Go",DOOGEE,,,,,,"149,99",cdiscount.com,SMARTPHONE
,,,,,,,,cdiscount.com,SMARTPHONE
,,,,,,,,cdiscount.com,SMARTPHONE
,,,,,,,,cdiscount.com,SMARTPHONE
,,,,,,,,cdiscount.com,SMARTPHONE
,,,,,,,,cdiscount.com,SMARTPHONE
,,,,,,,,cdiscount.com,SMARTPHONE
,,,,,,,,cdiscount.com,SMARTPHONE
,,,,,,,,cdiscount.com,SMARTPHONE
Huawei P30 Lite 6Go 128Go Bleu,HUAWEI,,,,,,"91,87",cdiscount.com,SMARTPHONE
Google Pixel 9 Pro XL 5G 16Go 256Go Quartz Rose Smartphone,GOOGLE,,,,,,"939,99",cdiscount.com,SMARTPHONE
Smartphone Google Pixel 8a 5G Double Sim 128Go Porcelaine Blanc,GOOGLE,,,,,,"399,99",cdiscount.com,SMARTPHONE
,,,,,,,,cdiscount.com,SMARTPHONE
,,,,,,,,cdiscount.com,SMARTPHONE
,,,,,,,,cdiscount.com,SMARTPHONE
,,,,,,,,cdiscount.com,SMARTPHONE
APPLE iPhone 12 mini 64Go Bleu - Reconditionné - Excellent état,APPLE,,64 Go,Bleu,MGE13F/A,,202,cdiscount.com,SMARTPHONE
APPLE iPhone 14 128GB Midnight,APPLE,,128 Go,Midnight,MPUF3ZD/A,Iphone 14,679,cdiscount.com,SMARTPHONE
SAMSUNG Galaxy S23 128Go Lavande,SAMSUNG,8Go,128Go,Lavande,SM-S911BLIDEUB,S23,402,cdiscount.com,SMARTPHONE
,,,,,,,,cdiscount.com,SMARTPHONE
,,,,,,,,cdiscount.com,SMARTPHONE
,,,,,,,,cdiscount.com,SMARTPHONE
Samsung Galaxy Z Fold3 5G 512GB 12GB RAM Phantom Silver,SAMSUNG,,512 Go,,,,"598,99",cdiscount.com,SMARTPHONE
HONOR 200 Lite Smartphone 5G 8Go +256Go - Appareil photo principal 108 MP/avant 50MP - MagicOS 8.0 - Noir,HONOR,8GO,256Go,,,HONOR 200 Lite,"204,99",cdiscount.com,SMARTPHONE
,,,,,,,,cdiscount.com,SMARTPHONE
,,,,,,,,cdiscount.com,SMARTPHONE
,,,,,,,,cdiscount.com,SMARTPHONE
,,,,,,,,cdiscount.com,SMARTPHONE
,,,,,,,,cdiscount.com,SMARTPHONE
,,,,,,,,cdiscount.com,SMARTPHONE
,,,,,,,,cdiscount.com,SMARTPHONE
"Smartphone Portable Incassable - DOOGEE S41pro 4G - Android 12 6300mAh -5.5"" 13MP Camera 4GB+32GB 13MP+2MP+2MP",DOOGEE,,,,,,"109,99",cdiscount.com,SMARTPHONE
Samsung Galaxy A13 4Go/64Go Noir (Black) Double SIM A137,SAMSUNG,,,,,,105,cdiscount.com,SMARTPHONE
"Smartphone Robuste Doogee S118 10800mAh, Android 14, 8Go+512Go/2TB Écran 6.58""FHD+ 120Hz, 50MP+12MP, Dual SIM/NFC/OTG Noir",DOOGEE,,8Go + 512Go,Noir,,,"249,99",cdiscount.com,SMARTPHONE
,,,,,,,,cdiscount.com,SMARTPHONE
,,,,,,,,cdiscount.com,SMARTPHONE
Smartphone Xiaomi Redmi Note 14 8/128 Go Bleu 4G EU Version,XIAOMI,,,,,,"199,99",cdiscount.com,SMARTPHONE
,,,,,,,,cdiscount.com,SMARTPHONE
,,,,,,,,cdiscount.com,SMARTPHONE
"Smartphone Robuste DOOGEE SPUNK -10800mAh -16Go+256Go -50MP+16MP - 6.58""FHD+ - Android 14 - GPS/NFC/OTG/Double SIM -Noir",DOOGEE,6Go+10 Go d‘extension,6Go+256Go,Noir,,DOOGEE S PUNK,"179,99",cdiscount.com,SMARTPHONE
Xiaomi Poco F6 5G 12 Go/512 Go Noir (Black) Double SIM,XIAOMI,,,,,,"361,9",cdiscount.com,SMARTPHONE
XIAOMI POCO M6 Pro 8+256G Violet,XIAOMI,,,,,,"169,99",cdiscount.com,SMARTPHONE
,,,,,,,,cdiscount.com,SMARTPHONE
APPLE iPhone 13 mini 128 Go Midnight (2021) - Reconditionné - Très bon état,APPLE,,128 Go,Noir,MLK03F/A,,"358,9",cdiscount.com,SMARTPHONE
"BAZARLAND30.Xiaomi POCO M5s Smartphone 6GB/128GB 6,43"" Display 5000mAh 33W Fast Charging.",,,,noir,,,269,cdiscount.com,SMARTPHONE
Smartphone Portable - OUKITEL C25 4G - Android 11 - 4Go+32Go 5000mAh - Écran HD+ 6.5 Caméra 13MP Noir,OUKITEL,,32Go,,,,"69,99",cdiscount.com,SMARTPHONE
"DOOGEE Blade 10 Max - Smartphone Robuste Android 14 - 10300mAh - 20Go+256Go - 50MP - Double Écran 6.56""+1.54"" - Face ID - NFC -",DOOGEE,8 Go + 12 Go de extension,20(8+12)Go RAM+256Go ROM,Noir,,DOOGEE Blade 10 Max,"189,99",cdiscount.com,SMARTPHONE
,,,,,,,,cdiscount.com,SMARTPHONE
APPLE iPhone 13 512GB Midnight- sans kit piéton,APPLE,,512 Go,Midnight,MLQC3ZD/A,Iphone 13,749,cdiscount.com,SMARTPHONE
,,,,,,,,cdiscount.com,SMARTPHONE
SAMSUNG Galaxy Z Flip5 256Go Lavande,SAMSUNG,RAM : 8Go LPDDR5X,256 Go,Lavande,SM-F731BLIGEUB,Samsung Galaxy Z Flip5,"512,99",cdiscount.com,SMARTPHONE
"SAMSUNG Galaxy A22 5G 64 Go Dual Sim Display 6.6"" Full HD + Micro SD Slot Camera 48 Mpx Android Gris",SAMSUNG,,,,,,118,cdiscount.com,SMARTPHONE
Smartphone Google Pixel 8 Pro 256Go Bleu Azur 5G,GOOGLE,,,,,,"584,89",cdiscount.com,SMARTPHONE
"Smartphones OPPO A53 6,5"" 4Go + 128Go Dual Sim Noir",OPPO,128 go de RAM 4 go,128 go de RAM 4 go,,,oppo a53,"101,98",cdiscount.com,SMARTPHONE
,,,,,,,,cdiscount.com,SMARTPHONE
APPLE iPhone 12 64Go Noir - Reconditionné - Excellent état,APPLE,,64 Go,Noir,MGJ53F/A,,"247,54",cdiscount.com,SMARTPHONE
SAMSUNG Galaxy A70  - Double sim 128 Go Blanc,SAMSUNG,,,,SM-A705FZWUXEF,,,cdiscount.com,SMARTPHONE
,,,,,,,,cdiscount.com,SMARTPHONE
,,,,,,,,cdiscount.com,SMARTPHONE
,,,,,,,,cdiscount.com,SMARTPHONE
SAMSUNG Z Flip5 256Go Graphite (2023) - Reconditionné - Excellent état,SAMSUNG,,,Noir,SM-F731BZAGEUB,,"556,6",cdiscount.com,SMARTPHONE
APPLE iPhone 12 mini 64Go Noir - Reconditionné - Excellent état,APPLE,,64 Go,Noir,MGDX3F/A,,"212,8",cdiscount.com,SMARTPHONE
"Smartphone Robuste DOOGEE BLADE 10 PRO 6.56 pouce 16Go + 256Go,Android 14 5150mAh 4G WIFI Telephone Portable Incassable NFC -",DOOGEE,16Go (6Go + jusqu'à 10go RAM étendue),16 Go + 256 Go,Argent,,BLADE10PRO,"159,99",cdiscount.com,SMARTPHONE
"DOOGEE S200 - Smartphone Robuste 5G - 10100mAh - 32Go+256Go - 100MP - 6.72""FHD+ - 120Hz - Android 14 - Double Écran - NFC - Noir",DOOGEE,12Go+10Go d’extension,32Go+256Go,Noir,,DOOGEE S200,"289,99",cdiscount.com,SMARTPHONE
,,,,,,,,cdiscount.com,SMARTPHONE
,,,,,,,,cdiscount.com,SMARTPHONE
,,,,,,,,cdiscount.com,SMARTPHONE
,,,,,,,,cdiscount.com,SMARTPHONE
Redmi pad se 8+256 Gris,XIAOMI,8Go,,,,,"169,99",cdiscount.com,SMARTPHONE
APPLE iPhone 12 Pro Max 128Go Graphite - Reconditionné - Excellent état,APPLE,,,,MGD73F/A,,"458,9",cdiscount.com,SMARTPHONE
,,,,,,,,cdiscount.com,SMARTPHONE
,,,,,,,,cdiscount.com,SMARTPHONE
"Smartphone OUKITEL P1 -  4Go + 256 Go - 5150mAh - 6.7""  FHD+ 120Hz - 50MP+32MP - OTG/NFC/GPS - Blanc",OUKITEL,4 Go + 12 Go d‘extension,16Go(4+12)RAM+256Go ROM,Blanc,,OUKITEL P1,"149,99",cdiscount.com,SMARTPHONE
"Cleyver - Smartphone XTREM 4G Lite Android 13 Anti-chocs, Etanche, Noir",,,,Noir,,,"239,99",cdiscount.com,SMARTPHONE
,,,,,,,,cdiscount.com,SMARTPHONE
,,,,,,,,cdiscount.com,SMARTPHONE
Smartphone Google Pixel 7a 128Go Bleu Océan 5G,GOOGLE,8 Go,128 GB,Artic Blue,GA04275-GB,Google Pixel 7A,"255,98",cdiscount.com,SMARTPHONE
,,,,,,,,cdiscount.com,SMARTPHONE
,,,,,,,,cdiscount.com,SMARTPHONE
,,,,,,,,cdiscount.com,SMARTPHONE
Xiaomi Redmi 14C Noir 256 Go,XIAOMI,,,,,,"126,98",cdiscount.com,SMARTPHONE
,,,,,,,,cdiscount.com,SMARTPHONE
,,,,,,,,cdiscount.com,SMARTPHONE
XIAOMI Redmi 14C 4Go+128 Go Smartphone 4G Bleu,XIAOMI,,,,,,"114,99",cdiscount.com,SMARTPHONE
OPPO Reno12 5G 12 Go/256 Go Argent (Astro Silver) Double SIM,OPPO,,,,,,"386,09",cdiscount.com,SMARTPHONE
OnePlus 12 5G 12 Go/256 Go Noir (Silky Black) Double SIM CPH2573 EU Version,ONEPLUS,,,,,,"719,79",cdiscount.com,SMARTPHONE
APPLE iPhone 13 Pro Max 128 Go Graphite (2021) - Reconditionné - Excellent état,APPLE,,128 Go,Graphite,MLL63F/A,,"537,88",cdiscount.com,SMARTPHONE
,,,,,,,,cdiscount.com,SMARTPHONE
,,,,,,,,cdiscount.com,SMARTPHONE
,,,,,,,,cdiscount.com,SMARTPHONE
,,,,,,,,cdiscount.com,SMARTPHONE
SAMSUNG Galaxy A23 5G 64G Blanc,SAMSUNG,RAM : 4 Go,64 Go,Blanc,SM-A236BZWUEUB,,154,cdiscount.com,SMARTPHONE
"5G Smartphone Robuste CUBOT Kingkong Star 2, 24Go + 256Go, 100MP, 6.72"" FHD+, 5100mA, Étanche Android 14 NFC GPS Double SIM, Noir",,12 Go + 12 Go de extension,(12+12)Go RAM + 256Go ROM,Noir,,Kingkong Star 2,"299,96",cdiscount.com,SMARTPHONE
,,,,,,,,cdiscount.com,SMARTPHONE
SAMSUNG Galaxy S20+ 128 Go 5G Gris,SAMSUNG,12 Go - LPDDR5 SDRAM,128 Go,Gris,SM-G986BZADEUB,Galaxy S20 +,"195,99",cdiscount.com,SMARTPHONE
,,,,,,,,cdiscount.com,SMARTPHONE
XIAOMI POCO C75 8Go 256Go Noir,XIAOMI,,,,,,"118,99",cdiscount.com,SMARTPHONE
APPLE iPhone 13 Pro 128 Go Sierra Blue (2021) - Reconditionné - Excellent état,APPLE,,128 Go,Bleu,MLVD3F/A,,"423,28",cdiscount.com,SMARTPHONE
APPLE iPhone 13 Pro Max 128 Go Silver (2021) - Reconditionné - Excellent état,APPLE,,128 Go,Argent,MLL73F/A,,"614,9",cdiscount.com,SMARTPHONE
APPLE iPhone 13 Pro 128 Go Silver (2021) - Reconditionné - Excellent état,APPLE,,128 Go,Argent,MLVA3F/A,,"428,1",cdiscount.com,SMARTPHONE
,,,,,,,,cdiscount.com,SMARTPHONE
XIAOMI Redmi 14C 8Go+256 Go Smartphone 4G Vert,XIAOMI,,,,,,"123,99",cdiscount.com,SMARTPHONE
,,,,,,,,cdiscount.com,SMARTPHONE
"Smartphone TCL 50 SE - Double SIM - 6.78"" - 4G - 6 Go RAM - 256 Go - Gris",TCL,,,,,,"132,15",cdiscount.com,SMARTPHONE
SAMSUNG Galaxy S9 Noir 64Go,SAMSUNG,4 Go - LPDDR4 SDRAM,,Noir,SM-G960FZKADBT,,"145,98",cdiscount.com,SMARTPHONE
,,,,,,,,cdiscount.com,SMARTPHONE
AIEK M16 Pro 3G Smartphone 4.0 pouces MTK6580M 2GB+16GB Android 10.0 Bluetooth 4.0 Reconnaissance faciale 2000mAh Gris,,,,,,,"50,39",cdiscount.com,SMARTPHONE
AIEK M16 Pro 3G Smartphone 4.0 pouces MTK6580M 2GB+16GB Android 10.0 Bluetooth 4.0 Reconnaissance faciale 2000mAh Rose,,,,,,,"50,39",cdiscount.com,SMARTPHONE
AIEK S25 Pro 3G Smartphone 4.0 pouces MTK6580M 2GB+16GB Android 10.0 Reconnaissance faciale Double Veille 2000mAh Petit Cadeau Gris,,,,,,,"49,99",cdiscount.com,SMARTPHONE
,,,,,,,,cdiscount.com,SMARTPHONE
SAMSUNG Galaxy A40  - Double sim 64 Go Blanc,SAMSUNG,4 Go,64 Go,Blanc,SM-A405FZWDXEF,,"99,96",cdiscount.com,SMARTPHONE
,,,,,,,,cdiscount.com,SMARTPHONE
,,,,,,,,cdiscount.com,SMARTPHONE
,,,,,,,,cdiscount.com,SMARTPHONE
Samsung Galaxy S23 FE  Smartphone 128 Go Graphite,SAMSUNG,8 Go,128 Go,Graphite,SM-S711BZADEUB,Samsung Galaxy S23 FE 5G,"388,96",cdiscount.com,SMARTPHONE
AIEK S18 4G Mini Smartphone 2.95 Pouces MT6737 Android 9.0 2GB+16GB 1400mAh WIFi Lampe de poche Noir,,,,,,,"50,29",cdiscount.com,SMARTPHONE
AIEK M16 Pro 3G Smartphone 4.0 pouces MTK6580M 2GB+16GB Android 10.0 Bluetooth 4.0 Reconnaissance faciale 2000mAh Or,,,,,,,"50,39",cdiscount.com,SMARTPHONE
Smartphone TCL 50SE 128Go Bleu,TCL,,,,,,"116,1",cdiscount.com,SMARTPHONE
OnePlus 10T Noir 8Go 128Go Unique SIM Chargeur Américaine d'origine + Adaptateur US-FR,ONEPLUS,8 Go,,,,,"269,99",cdiscount.com,SMARTPHONE
SAMSUNG Galaxy S23 256Go Vert,SAMSUNG,8Go,256Go,Vert,SM-S911BZGGEUB,S23,"479,88",cdiscount.com,SMARTPHONE
OnePlus Nord CE4 Lite 5G 8 Go/256 Go Bleu (Mega Blue) Double SIM,ONEPLUS,,,,,,"253,99",cdiscount.com,SMARTPHONE
,,,,,,,,cdiscount.com,SMARTPHONE
,,,,,,,,cdiscount.com,SMARTPHONE
APPLE iPhone 11 64Go Noir - Reconditionné - Excellent état,APPLE,,64 Go,Noir,MWLT2ZD/A,,"214,89",cdiscount.com,SMARTPHONE
,,,,,,,,cdiscount.com,SMARTPHONE
,,,,,,,,cdiscount.com,SMARTPHONE
AIEK S23 Pro 4G Mini Smartphone 3.0 pouces Android 9.0 Reconnaissance faciale 1950mAh Double SIM Rose,,,,,,,"45,19",cdiscount.com,SMARTPHONE
,,,,,,,,cdiscount.com,SMARTPHONE
"Smartphone HUAWEI P30 Pro 256 Go Bleu Aurore - Android 9.0 Pie - Double SIM - 6,47"" - 8 Go RAM",HUAWEI,,,,51093QFU,,"209,89",cdiscount.com,SMARTPHONE
APPLE iPhone 12 mini 128Go Bleu - Reconditionné - Excellent état,APPLE,,128 Go,Bleu,MGE63F/A,,"219,99",cdiscount.com,SMARTPHONE
,,,,,,,,cdiscount.com,SMARTPHONE
OUKITEL WP33 Pro Smartphone Robuste 24Go + 256Go 22000mAh Batterie 6.58'' FHD+ 64MP Caméra NFC Double Sim 5G GPS - Noir,OUKITEL,8Go,,Noir,,WP19,"329,99",cdiscount.com,SMARTPHONE
,,,,,,,,cdiscount.com,SMARTPHONE
,,,,,,,,cdiscount.com,SMARTPHONE
,,,,,,,,cdiscount.com,SMARTPHONE
"Smartphone Blackview BV6200 PLUS 8Go+256Go - Batterie de 11000 mAh - Android 14- Écran 6.56"" FHD+ 90Hz - 13MP+8MP- NFC/OTG Vert",BLACKVIEW,,,,,,"158,99",cdiscount.com,SMARTPHONE
"BLACKVIEW BV7300 - Smartphone Robuste - 18Go+256Go - 15000mAh - 6.67"" 90Hz - 50MP+32MP - Android 14 - OTG/NFC/GPS - Noir",BLACKVIEW,,18(6+12)Go RAM+256Go ROM,Noir,,BLACKVIEW BV7300,"196,99",cdiscount.com,SMARTPHONE
,,,,,,,,cdiscount.com,SMARTPHONE
,,,,,,,,cdiscount.com,SMARTPHONE
,,,,,,,,cdiscount.com,SMARTPHONE
"XIAOMI Redmi 14C Smartphone 8+256Go Bleu Écran 6,88"" 120Hz MediaTek Helio G81-Ultra AI Caméra 50MP 5160mAh Batterie",XIAOMI,,,,,,129,cdiscount.com,SMARTPHONE
,,,,,,,,cdiscount.com,SMARTPHONE
,,,,,,,,cdiscount.com,SMARTPHONE
,,,,,,,,cdiscount.com,SMARTPHONE
,,,,,,,,cdiscount.com,SMARTPHONE
,,,,,,,,cdiscount.com,SMARTPHONE
,,,,,,,,cdiscount.com,SMARTPHONE
,,,,,,,,cdiscount.com,SMARTPHONE
HUAWEI Mate 20 128 Go Noir,HUAWEI,,,,51092WYE,,"104,73",cdiscount.com,SMARTPHONE
,,,,,,,,cdiscount.com,SMARTPHONE
,,,,,,,,cdiscount.com,SMARTPHONE
,,,,,,,,cdiscount.com,SMARTPHONE
,,,,,,,,cdiscount.com,SMARTPHONE
Xiaomi 14T Pro - 12/512GB - Titane,XIAOMI,,,,,,"652,6",cdiscount.com,SMARTPHONE
,,,,,,,,cdiscount.com,SMARTPHONE
"Xiaomi Redmi 14C 6,88"" Smartphone Double SIM 256 Go Noir",XIAOMI,,256Go,Noir,,Redmi 14C,"140,99",cdiscount.com,SMARTPHONE
AIEK S23 Pro 4G Mini Smartphone 3.0 pouces Android 9.0 Reconnaissance faciale 1950mAh Double carte SIM Vert,,,,,,,"45,19",cdiscount.com,SMARTPHONE
,,,,,,,,cdiscount.com,SMARTPHONE
"SAMSUNG Galaxy S21 5G - 128Go, Single SIM, Gris",SAMSUNG,8 Go - LPDDR5 SDRAM,128 Go,Gris,,,"206,99",cdiscount.com,SMARTPHONE
,,,,,,,,cdiscount.com,SMARTPHONE
,,,,,,,,cdiscount.com,SMARTPHONE
,,,,,,,,cdiscount.com,SMARTPHONE
Smartphone Samsung Galaxy Z Flip5 256Go Creme 5G,SAMSUNG,RAM : 8Go LPDDR5X,256 Go,Beige,SM-F731BZEGEUB,Samsung Galaxy Z Flip5 5G,"516,99",cdiscount.com,SMARTPHONE
,,,,,,,,cdiscount.com,SMARTPHONE
,,,,,,,,cdiscount.com,SMARTPHONE
